frame,time_s,track_id,state,x,y,w,h,cx,cy,speed_px_s
300,10.010,1,locked,291.0,162.0,29.0,28.0,305.5,176.0,0.0
301,10.043,1,locked,291.0,162.0,29.0,27.0,305.5,175.5,15.0
302,10.077,1,locked,291.0,161.0,29.0,27.0,305.5,174.5,30.0
303,10.110,1,locked,291.0,160.0,29.0,27.0,305.5,173.5,30.0
304,10.143,1,locked,290.0,160.0,29.0,26.0,304.5,173.0,33.5
305,10.177,1,locked,291.0,160.0,28.0,26.0,305.0,173.0,15.0
306,10.210,1,locked,291.0,159.0,27.0,27.0,304.5,172.5,21.2
307,10.244,1,locked,290.0,158.0,27.0,27.0,303.5,171.5,42.4
308,10.277,1,locked,289.0,161.0,27.0,28.0,302.5,175.0,109.1
309,10.310,1,locked,291.0,165.0,26.0,28.0,304.0,179.0,128.0
310,10.344,1,locked,294.0,171.0,22.0,28.0,305.0,185.0,182.3
311,10.377,1,locked,295.0,180.0,22.0,26.0,306.0,193.0,241.6
312,10.410,1,locked,294.0,187.0,23.0,27.0,305.5,200.5,225.3
313,10.444,1,locked,295.0,194.0,22.0,31.0,306.0,209.5,270.1
314,10.477,1,locked,295.0,200.0,23.0,31.0,306.5,215.5,180.4
315,10.511,1,locked,295.0,203.0,22.0,31.0,306.0,218.5,91.2
316,10.544,1,locked,295.0,207.0,21.0,31.0,305.5,222.5,120.8
317,10.577,1,locked,296.0,208.0,20.0,33.0,306.0,224.5,61.8
318,10.611,1,locked,296.0,210.0,20.0,33.0,306.0,226.5,59.9
319,10.644,1,locked,298.0,210.0,17.0,34.0,306.5,227.0,21.2
320,10.677,1,locked,299.0,212.0,17.0,33.0,307.5,228.5,54.0
321,10.711,1,locked,302.0,214.0,17.0,33.0,310.5,230.5,108.1
322,10.744,1,locked,303.0,215.0,18.0,34.0,312.0,232.0,63.6
323,10.777,1,locked,306.0,215.0,18.0,34.0,315.0,232.0,89.9
324,10.811,1,locked,309.0,216.0,17.0,33.0,317.5,232.5,76.4
325,10.844,1,locked,311.0,216.0,18.0,32.0,320.0,232.0,76.4
326,10.878,1,locked,312.0,215.0,18.0,32.0,321.0,231.0,42.4
327,10.911,1,locked,313.0,213.0,17.0,33.0,321.5,229.5,47.4
328,10.944,1,locked,314.0,211.0,18.0,33.0,323.0,227.5,74.9
329,10.978,1,locked,314.0,209.0,19.0,31.0,323.5,224.5,91.2
330,11.011,1,locked,316.0,205.0,20.0,32.0,326.0,221.0,128.9
331,11.044,1,locked,319.0,202.0,19.0,31.0,328.5,217.5,128.9
332,11.078,1,locked,322.0,201.0,20.0,29.0,332.0,215.5,120.8
333,11.111,1,locked,324.0,200.0,22.0,30.0,335.0,215.0,91.2
334,11.144,1,locked,328.0,199.0,22.0,30.0,339.0,214.0,123.6
335,11.178,1,locked,330.0,200.0,23.0,29.0,341.5,214.5,76.4
336,11.211,1,locked,332.0,201.0,23.0,28.0,343.5,215.0,61.8
337,11.245,1,locked,333.0,200.0,23.0,29.0,344.5,214.5,33.5
338,11.278,1,locked,334.0,201.0,24.0,28.0,346.0,215.0,47.4
339,11.311,1,locked,335.0,201.0,23.0,28.0,346.5,215.0,15.0
340,11.345,1,locked,335.0,201.0,24.0,28.0,347.0,215.0,15.0
341,11.378,1,locked,335.0,201.0,25.0,28.0,347.5,215.0,15.0
342,11.411,1,locked,335.0,202.0,25.0,27.0,347.5,215.5,15.0
343,11.445,1,locked,335.0,202.0,26.0,27.0,348.0,215.5,15.0
344,11.478,1,locked,334.0,202.0,26.0,27.0,347.0,215.5,30.0
345,11.511,1,locked,334.0,202.0,27.0,27.0,347.5,215.5,15.0
346,11.545,1,locked,334.0,203.0,27.0,27.0,347.5,216.5,30.0
347,11.578,1,locked,334.0,203.0,27.0,30.0,347.5,218.0,45.0
348,11.612,1,locked,333.0,209.0,27.0,31.0,346.5,224.5,197.1
349,11.645,1,locked,334.0,218.0,29.0,30.0,348.5,233.0,261.7
350,11.678,1,locked,334.0,228.0,29.0,29.0,348.5,242.5,284.7
351,11.712,1,locked,336.0,237.0,30.0,29.0,351.0,251.5,279.9
352,11.745,1,locked,336.0,246.0,32.0,28.0,352.0,260.0,256.5
353,11.778,1,locked,336.0,252.0,35.0,27.0,353.5,265.5,170.9
354,11.812,1,locked,336.0,256.0,35.0,26.0,353.5,269.0,104.9
355,11.845,1,locked,337.0,260.0,35.0,28.0,354.5,274.0,152.8
356,11.879,1,locked,336.0,263.0,38.0,27.0,355.0,276.5,76.4
357,11.912,1,locked,335.0,266.0,39.0,26.0,354.5,279.0,76.4
358,11.945,1,locked,336.0,268.0,40.0,27.0,356.0,281.5,87.4
359,11.979,1,locked,336.0,271.0,41.0,26.0,356.5,284.0,76.4
360,12.012,1,locked,337.0,272.0,42.0,27.0,358.0,285.5,63.6
361,12.045,1,locked,340.0,275.0,42.0,24.0,361.0,287.0,100.5
362,12.079,1,locked,341.0,278.0,35.0,25.0,358.5,290.5,128.9
363,12.112,1,locked,345.0,282.0,35.0,24.0,362.5,294.0,159.3
364,12.145,1,locked,347.0,286.0,35.0,23.0,364.5,297.5,120.8
365,12.179,1,locked,350.0,288.0,34.0,23.0,367.0,299.5,96.0
366,12.212,1,locked,351.0,291.0,34.0,23.0,368.0,302.5,94.8
367,12.246,1,locked,352.0,293.0,33.0,24.0,368.5,305.0,76.4
368,12.279,1,locked,352.0,294.0,34.0,22.0,369.0,305.0,15.0
369,12.312,1,locked,353.0,296.0,34.0,22.0,370.0,307.0,67.0
370,12.346,1,locked,353.0,297.0,34.0,21.0,370.0,307.5,15.0
371,12.379,1,locked,353.0,297.0,33.0,21.0,369.5,307.5,15.0
372,12.412,1,locked,353.0,298.0,33.0,21.0,369.5,308.5,30.0
373,12.446,1,locked,353.0,299.0,32.0,20.0,369.0,309.0,21.2
374,12.479,1,locked,352.0,300.0,33.0,19.0,368.5,309.5,21.2
375,12.513,1,locked,353.0,301.0,33.0,19.0,369.5,310.5,42.4
376,12.546,1,locked,354.0,299.0,32.0,20.0,370.0,309.0,47.4
377,12.579,1,locked,354.0,293.0,34.0,19.0,371.0,302.5,197.1
378,12.613,1,locked,354.0,284.0,34.0,19.0,371.0,293.5,269.7
379,12.646,1,locked,355.0,278.0,35.0,18.0,372.5,287.0,199.9
380,12.679,1,locked,355.0,272.0,34.0,18.0,372.0,281.0,180.4
381,12.713,1,locked,354.0,269.0,34.0,17.0,371.0,277.5,109.1
382,12.746,1,locked,353.0,266.0,35.0,17.0,370.5,274.5,91.2
383,12.779,1,locked,352.0,264.0,35.0,17.0,369.5,272.5,67.0
384,12.813,1,locked,352.0,264.0,35.0,16.0,369.5,272.0,15.0
385,12.846,1,locked,351.0,263.0,35.0,16.0,368.5,271.0,42.4
386,12.880,1,locked,350.0,261.0,35.0,16.0,367.5,269.0,67.0
387,12.913,1,locked,349.0,260.0,36.0,16.0,367.0,268.0,33.5
388,12.946,1,locked,348.0,261.0,36.0,15.0,366.0,268.5,33.5
389,12.980,1,locked,347.0,259.0,36.0,16.0,365.0,267.0,54.0
390,13.013,1,locked,347.0,257.0,36.0,15.0,365.0,264.5,74.9
391,13.046,1,locked,344.0,253.0,38.0,15.0,363.0,260.5,134.0
392,13.080,1,locked,344.0,250.0,36.0,15.0,362.0,257.5,94.8
393,13.113,1,locked,344.0,249.0,35.0,15.0,361.5,256.5,33.5
394,13.146,1,locked,342.0,247.0,37.0,17.0,360.5,255.5,42.4
395,13.180,1,locked,340.0,243.0,38.0,16.0,359.0,251.0,142.2
396,13.213,1,locked,337.0,239.0,39.0,15.0,356.5,246.5,154.3
397,13.247,1,locked,340.0,234.0,36.0,18.0,358.0,243.0,114.1
398,13.280,1,locked,341.0,226.0,34.0,18.0,358.0,235.0,239.8
399,13.313,1,locked,340.0,220.0,35.0,17.0,357.5,228.5,195.4
400,13.347,1,locked,341.0,215.0,35.0,17.0,358.5,223.5,152.8
401,13.380,1,locked,341.0,211.0,38.0,17.0,360.0,219.5,128.0
402,13.413,1,locked,340.0,208.0,37.0,15.0,358.5,215.5,128.0
403,13.447,1,locked,340.0,206.0,36.0,15.0,358.0,213.5,61.8
404,13.480,1,locked,339.0,202.0,36.0,15.0,357.0,209.5,123.6
405,13.514,1,locked,340.0,198.0,36.0,15.0,358.0,205.5,123.6
406,13.547,1,locked,340.0,193.0,35.0,15.0,357.5,200.5,150.6
407,13.580,1,locked,340.0,189.0,35.0,15.0,357.5,196.5,119.9
408,13.614,1,locked,340.0,186.0,36.0,13.0,358.0,192.5,120.8
409,13.647,1,locked,340.0,184.0,37.0,13.0,358.5,190.5,61.8
410,13.680,1,locked,341.0,182.0,35.0,13.0,358.5,188.5,59.9
411,13.714,1,locked,344.0,182.0,35.0,14.0,361.5,189.0,91.2
412,13.747,1,locked,346.0,183.0,35.0,13.0,363.5,189.5,61.8
413,13.780,1,locked,349.0,183.0,35.0,13.0,366.5,189.5,89.9
414,13.814,1,locked,351.0,182.0,34.0,15.0,368.0,189.5,45.0
415,13.847,1,locked,353.0,182.0,35.0,13.0,370.5,188.5,80.7
416,13.881,1,locked,354.0,181.0,36.0,14.0,372.0,188.0,47.4
417,13.914,1,locked,355.0,181.0,36.0,15.0,373.0,188.5,33.5
418,13.947,1,locked,356.0,180.0,36.0,15.0,374.0,187.5,42.4
419,13.981,1,locked,357.0,181.0,35.0,14.0,374.5,188.0,21.2
420,14.014,1,locked,359.0,181.0,35.0,15.0,376.5,188.5,61.8
421,14.047,1,locked,360.0,182.0,36.0,14.0,378.0,189.0,47.4
422,14.081,1,locked,361.0,183.0,36.0,14.0,379.0,190.0,42.4
423,14.114,1,locked,363.0,183.0,35.0,14.0,380.5,190.0,45.0
424,14.147,1,locked,365.0,184.0,36.0,14.0,383.0,191.0,80.7
425,14.181,1,locked,367.0,184.0,35.0,15.0,384.5,191.5,47.4
426,14.214,1,locked,367.0,185.0,36.0,14.0,385.0,192.0,21.2
427,14.248,1,locked,369.0,184.0,35.0,15.0,386.5,191.5,47.4
428,14.281,1,locked,368.0,184.0,37.0,15.0,386.5,191.5,0.0
429,14.314,1,locked,368.0,183.0,36.0,16.0,386.0,191.0,21.2
430,14.348,1,locked,369.0,184.0,36.0,16.0,387.0,192.0,42.4
431,14.381,1,locked,369.0,183.0,36.0,17.0,387.0,191.5,15.0
432,14.414,1,locked,370.0,184.0,36.0,15.0,388.0,191.5,30.0
433,14.448,1,locked,370.0,184.0,36.0,15.0,388.0,191.5,0.0
434,14.481,1,locked,370.0,184.0,36.0,15.0,388.0,191.5,0.0
435,14.514,1,locked,371.0,184.0,36.0,14.0,389.0,191.0,33.5
436,14.548,1,locked,370.0,183.0,37.0,15.0,388.5,190.5,21.2
437,14.581,1,locked,371.0,183.0,37.0,14.0,389.5,190.0,33.5
438,14.615,1,locked,371.0,183.0,38.0,14.0,390.0,190.0,15.0
439,14.648,1,locked,372.0,183.0,37.0,14.0,390.5,190.0,15.0
440,14.681,1,locked,373.0,181.0,36.0,15.0,391.0,188.5,47.4
441,14.715,1,locked,373.0,180.0,36.0,15.0,391.0,187.5,30.0
442,14.748,1,locked,374.0,178.0,35.0,14.0,391.5,185.0,76.4
443,14.781,1,locked,375.0,176.0,36.0,16.0,393.0,184.0,54.0
444,14.815,1,locked,376.0,174.0,37.0,17.0,394.5,182.5,63.6
445,14.848,1,locked,378.0,173.0,36.0,16.0,396.0,181.0,63.6
446,14.882,1,locked,378.0,171.0,37.0,17.0,396.5,179.5,47.4
447,14.915,1,locked,378.0,170.0,37.0,17.0,396.5,178.5,30.0
448,14.948,1,locked,376.0,168.0,38.0,17.0,395.0,176.5,74.9
449,14.982,1,locked,374.0,166.0,38.0,16.0,393.0,174.0,96.0
450,15.015,1,locked,373.0,165.0,38.0,16.0,392.0,173.0,42.4
451,15.048,1,locked,371.0,163.0,38.0,16.0,390.0,171.0,84.8
452,15.082,1,locked,367.0,160.0,39.0,16.0,386.5,168.0,138.2
453,15.115,1,locked,365.0,157.0,39.0,16.0,384.5,165.0,108.1
454,15.148,1,locked,362.0,154.0,40.0,15.0,382.0,161.5,128.9
455,15.182,1,locked,360.0,150.0,39.0,16.0,379.5,158.0,128.9
456,15.215,1,locked,357.0,149.0,38.0,16.0,376.0,157.0,109.1
457,15.249,1,locked,354.0,146.0,39.0,16.0,373.5,154.0,117.0
458,15.282,1,locked,353.0,145.0,38.0,16.0,372.0,153.0,54.0
459,15.315,1,locked,353.0,144.0,38.0,17.0,372.0,152.5,15.0
460,15.349,1,locked,352.0,143.0,37.0,16.0,370.5,151.0,63.6
461,15.382,1,locked,352.0,143.0,38.0,17.0,371.0,151.5,21.2
462,15.415,1,locked,351.0,143.0,38.0,17.0,370.0,151.5,30.0
463,15.449,1,locked,351.0,143.0,38.0,18.0,370.0,152.0,15.0
464,15.482,1,locked,351.0,143.0,38.0,18.0,370.0,152.0,0.0
465,15.515,1,locked,352.0,142.0,38.0,18.0,371.0,151.0,42.4
466,15.549,1,locked,353.0,141.0,38.0,19.0,372.0,150.5,33.5
467,15.582,1,locked,352.0,140.0,39.0,18.0,371.5,149.0,47.4
468,15.616,1,locked,353.0,139.0,39.0,18.0,372.5,148.0,42.4
469,15.649,1,locked,354.0,137.0,39.0,19.0,373.5,146.5,54.0
470,15.682,1,locked,356.0,131.0,40.0,20.0,376.0,141.0,181.1
471,15.716,1,locked,359.0,128.0,41.0,20.0,379.5,138.0,138.2
472,15.749,1,locked,362.0,123.0,43.0,20.0,383.5,133.0,191.9
473,15.782,1,locked,366.0,118.0,44.0,21.0,388.0,128.5,190.7
474,15.816,1,locked,369.0,112.0,46.0,22.0,392.0,123.0,203.8
475,15.849,1,locked,373.0,105.0,47.0,23.0,396.5,116.5,236.9
476,15.883,1,locked,378.0,98.0,50.0,25.0,403.0,110.5,265.1
477,15.916,1,locked,379.0,89.0,53.0,25.0,405.5,101.5,279.9
478,15.949,1,locked,382.0,81.0,55.0,27.0,409.5,94.5,241.6
479,15.983,1,locked,383.0,76.0,59.0,28.0,412.5,90.0,162.1
480,16.016,1,locked,381.0,78.0,60.0,27.0,411.0,91.5,63.6
481,16.049,1,locked,377.0,82.0,61.0,27.0,407.5,95.5,159.3
482,16.083,1,locked,374.0,87.0,61.0,29.0,404.5,101.5,201.0
483,16.116,1,locked,369.0,96.0,62.0,28.0,400.0,110.0,288.2
484,16.149,1,locked,365.0,103.0,62.0,28.0,396.0,117.0,241.6
485,16.183,1,locked,362.0,109.0,61.0,29.0,392.5,123.5,221.3
486,16.216,1,locked,359.0,111.0,61.0,29.0,389.5,125.5,108.1
487,16.250,1,locked,357.0,112.0,61.0,29.0,387.5,126.5,67.0
488,16.283,1,locked,356.0,113.0,62.0,29.0,387.0,127.5,33.5
489,16.316,1,locked,355.0,113.0,63.0,28.0,386.5,127.0,21.2
490,16.350,1,locked,354.0,112.0,63.0,29.0,385.5,126.5,33.5
491,16.383,1,locked,354.0,112.0,62.0,28.0,385.0,126.0,21.2
492,16.416,1,locked,353.0,112.0,62.0,28.0,384.0,126.0,30.0
493,16.450,1,locked,352.0,113.0,65.0,28.0,384.5,127.0,33.5
494,16.483,1,locked,351.0,116.0,62.0,27.0,382.0,129.5,106.0
495,16.517,1,locked,349.0,121.0,62.0,29.0,380.0,135.5,189.5
496,16.550,1,locked,348.0,128.0,61.0,28.0,378.5,142.0,199.9
497,16.583,1,locked,346.0,136.0,61.0,27.0,376.5,149.5,232.6
498,16.617,1,locked,344.0,145.0,61.0,26.0,374.5,158.0,261.7
499,16.650,1,locked,342.0,153.0,60.0,26.0,372.0,166.0,251.2
500,16.683,1,locked,340.0,162.0,61.0,25.0,370.5,174.5,258.7
501,16.717,1,locked,338.0,165.0,62.0,25.0,369.0,177.5,100.5
502,16.750,1,locked,338.0,165.0,60.0,25.0,368.0,177.5,30.0
503,16.783,1,locked,337.0,165.0,61.0,27.0,367.5,178.5,33.5
504,16.817,1,locked,337.0,168.0,60.0,25.0,367.0,180.5,61.8
505,16.850,1,locked,336.0,169.0,60.0,27.0,366.0,182.5,67.0
506,16.884,1,locked,335.0,175.0,60.0,30.0,365.0,190.0,226.8
507,16.917,1,locked,335.0,180.0,59.0,28.0,364.5,194.0,120.8
508,16.950,1,locked,334.0,184.0,60.0,24.0,364.0,196.0,61.8
509,16.984,1,locked,334.0,185.0,60.0,26.0,364.0,198.0,59.9
510,17.017,1,locked,334.0,186.0,59.0,27.0,363.5,199.5,47.4
511,17.050,1,locked,333.0,188.0,60.0,26.0,363.0,201.0,47.4
512,17.084,1,locked,333.0,188.0,59.0,27.0,362.5,201.5,21.2
513,17.117,1,locked,332.0,187.0,60.0,28.0,362.0,201.0,21.2
514,17.150,1,locked,331.0,188.0,60.0,27.0,361.0,201.5,33.5
515,17.184,1,locked,330.0,186.0,60.0,28.0,360.0,200.0,54.0
516,17.217,1,locked,329.0,185.0,61.0,27.0,359.5,198.5,47.4
517,17.251,1,locked,329.0,185.0,60.0,27.0,359.0,198.5,15.0
518,17.284,1,locked,329.0,185.0,60.0,28.0,359.0,199.0,15.0
519,17.317,1,locked,328.0,184.0,60.0,28.0,358.0,198.0,42.4
520,17.351,1,locked,326.0,184.0,61.0,28.0,356.5,198.0,45.0
521,17.384,1,locked,327.0,183.0,59.0,27.0,356.5,196.5,45.0
522,17.417,1,locked,331.0,181.0,54.0,28.0,358.0,195.0,63.6
523,17.451,1,locked,334.0,180.0,50.0,28.0,359.0,194.0,42.4
524,17.484,1,locked,343.0,179.0,41.0,29.0,363.5,193.5,135.7
525,17.518,1,locked,345.0,177.0,37.0,29.0,363.5,191.5,59.9
526,17.551,1,locked,351.0,176.0,30.0,30.0,366.0,191.0,76.4
527,17.584,1,locked,358.0,174.0,22.0,30.0,369.0,189.0,108.1
528,17.618,1,locked,363.0,171.0,17.0,34.0,371.5,188.0,80.7
529,17.651,1,uncertain,363.0,171.0,17.0,34.0,371.5,188.0,80.7
530,17.684,1,uncertain,363.0,171.0,17.0,34.0,371.5,188.0,80.7
531,17.718,1,uncertain,363.0,171.0,17.0,34.0,371.5,188.0,80.7
532,17.751,1,uncertain,363.0,171.0,17.0,34.0,371.5,188.0,80.7
533,17.784,1,uncertain,363.0,171.0,17.0,34.0,371.5,188.0,80.7
534,17.818,1,uncertain,363.0,171.0,17.0,34.0,371.5,188.0,80.7
535,17.851,1,uncertain,363.0,171.0,17.0,34.0,371.5,188.0,80.7
536,17.885,1,uncertain,363.0,171.0,17.0,34.0,371.5,188.0,80.7
537,17.918,1,uncertain,363.0,171.0,17.0,34.0,371.5,188.0,80.7
538,17.951,1,uncertain,363.0,171.0,17.0,34.0,371.5,188.0,80.7
539,17.985,1,uncertain,363.0,171.0,17.0,34.0,371.5,188.0,80.7
540,18.018,1,uncertain,363.0,171.0,17.0,34.0,371.5,188.0,80.7
977,32.599,45,reacquired,226.0,180.0,116.0,111.0,284.0,235.5,0.0
978,32.633,45,reacquired,228.0,188.0,113.0,112.0,284.5,244.0,255.2
979,32.666,45,reacquired,231.0,194.0,113.0,113.0,287.5,250.5,214.6
980,32.699,45,reacquired,231.0,200.0,116.0,115.0,289.0,257.5,214.6
981,32.733,45,reacquired,233.0,205.0,116.0,115.0,291.0,262.5,161.4
982,32.766,45,reacquired,234.0,208.0,117.0,118.0,292.5,267.0,142.2
983,32.799,45,reacquired,231.0,212.0,120.0,119.0,291.0,271.5,142.2
984,32.833,45,reacquired,230.0,216.0,121.0,121.0,290.5,276.5,150.6
985,32.866,45,reacquired,228.0,221.0,123.0,121.0,289.5,281.5,152.8
986,32.900,45,reacquired,227.0,225.0,124.0,122.0,289.0,286.0,135.7
987,32.933,45,reacquired,226.0,230.0,126.0,124.0,289.0,292.0,179.8
988,32.966,45,reacquired,227.0,236.0,123.0,120.0,288.5,296.0,120.8
989,33.000,45,reacquired,230.0,241.0,119.0,115.0,289.5,298.5,80.7
990,33.033,45,reacquired,233.0,246.0,116.0,111.0,291.0,301.5,100.5
991,33.066,45,reacquired,235.0,252.0,111.0,106.0,290.5,305.0,106.0
992,33.100,45,reacquired,235.0,258.0,109.0,101.0,289.5,308.5,109.1
993,33.133,45,reacquired,234.0,263.0,109.0,95.0,288.5,310.5,67.0
994,33.166,45,reacquired,236.0,268.0,106.0,91.0,289.0,313.5,91.2
995,33.200,45,reacquired,237.0,273.0,103.0,86.0,288.5,316.0,76.4
996,33.233,45,reacquired,238.0,276.0,101.0,84.0,288.5,318.0,59.9
997,33.267,45,reacquired,240.0,277.0,99.0,83.0,289.5,318.5,33.5
998,33.300,45,reacquired,243.0,277.0,96.0,83.0,291.0,318.5,45.0
999,33.333,45,reacquired,246.0,276.0,95.0,83.0,293.5,317.5,80.7
1000,33.367,45,reacquired,250.0,272.0,94.0,86.0,297.0,315.0,128.9
1001,33.400,45,reacquired,254.0,270.0,92.0,80.0,300.0,310.0,174.8
1002,33.433,45,locked,258.0,269.0,89.0,78.0,302.5,308.0,96.0
1003,33.467,45,locked,261.0,267.0,86.0,75.0,304.0,304.5,114.1
1004,33.500,45,locked,262.0,268.0,86.0,74.0,305.0,305.0,33.5
1005,33.534,45,locked,265.0,268.0,84.0,71.0,307.0,303.5,74.9
1006,33.567,45,locked,266.0,268.0,84.0,69.0,308.0,302.5,42.4
1007,33.600,45,locked,269.0,267.0,83.0,68.0,310.5,301.0,87.4
1008,33.634,45,locked,273.0,265.0,80.0,66.0,313.0,298.0,117.0
1009,33.667,45,locked,276.0,264.0,80.0,64.0,316.0,296.0,108.1
1010,33.700,45,locked,279.0,264.0,81.0,64.0,319.5,296.0,104.9
1011,33.734,45,locked,283.0,262.0,84.0,65.0,325.0,294.5,170.9
1012,33.767,45,locked,287.0,257.0,86.0,67.0,330.0,290.5,191.9
1013,33.800,45,locked,292.0,254.0,87.0,67.0,335.5,287.5,187.8
1014,33.834,45,locked,298.0,249.0,88.0,68.0,342.0,283.0,236.9
1015,33.867,45,locked,304.0,247.0,91.0,66.0,349.5,280.0,242.1
1016,33.901,45,locked,312.0,245.0,92.0,68.0,358.0,279.0,256.5
1017,33.934,45,locked,320.0,245.0,94.0,70.0,367.0,280.0,271.4
1018,33.967,45,locked,332.0,248.0,94.0,70.0,379.0,283.0,370.7
1019,34.001,45,locked,344.0,250.0,97.0,71.0,392.5,285.5,411.5
1020,34.034,45,locked,355.0,252.0,99.0,70.0,404.5,287.0,362.4
1021,34.067,45,locked,366.0,254.0,99.0,71.0,415.5,289.5,338.1
1022,34.101,45,locked,376.0,254.0,101.0,70.0,426.5,289.0,330.0
1023,34.134,45,locked,386.0,253.0,101.0,69.0,436.5,287.5,303.1
1024,34.167,45,locked,393.0,252.0,104.0,68.0,445.0,286.0,258.7
1025,34.201,45,locked,402.0,252.0,105.0,67.0,454.5,285.5,285.1
1026,34.234,45,locked,409.0,251.0,106.0,67.0,462.0,284.5,226.8
1027,34.268,45,locked,415.0,253.0,108.0,65.0,469.0,285.5,211.9
1028,34.301,45,locked,423.0,255.0,107.0,65.0,476.5,287.5,232.6
1029,34.334,45,locked,430.0,256.0,109.0,65.0,484.5,288.5,241.6
1030,34.368,45,locked,441.0,259.0,110.0,63.0,496.0,290.5,349.8
1031,34.401,45,locked,453.0,261.0,112.0,63.0,509.0,292.5,394.2
1032,34.434,45,locked,468.0,263.0,113.0,64.0,524.5,295.0,470.5
1033,34.468,45,locked,483.0,268.0,115.0,61.0,540.5,298.5,490.9
1034,34.501,45,locked,499.0,271.0,116.0,61.0,557.0,301.5,502.6
1035,34.535,45,locked,517.0,273.0,114.0,60.0,574.0,303.0,511.5
1036,34.568,45,locked,532.0,275.0,108.0,59.0,586.0,304.5,362.4
1037,34.601,45,locked,547.0,274.0,93.0,60.0,593.5,304.0,225.3
1038,34.635,45,locked,543.0,270.0,96.0,58.0,591.0,299.0,167.5
1039,34.668,45,locked,555.0,264.0,84.0,67.0,597.0,297.5,185.4
1040,34.701,45,locked,573.0,252.0,66.0,63.0,606.0,283.5,498.8
1041,34.735,45,locked,597.0,246.0,43.0,70.0,618.5,281.0,382.0
1042,34.768,45,uncertain,597.0,246.0,43.0,70.0,618.5,281.0,382.0
1043,34.801,45,uncertain,597.0,246.0,43.0,70.0,618.5,281.0,382.0
1044,34.835,45,uncertain,597.0,246.0,43.0,70.0,618.5,281.0,382.0
1045,34.868,45,uncertain,597.0,246.0,43.0,70.0,618.5,281.0,382.0
1046,34.902,45,uncertain,597.0,246.0,43.0,70.0,618.5,281.0,382.0
1047,34.935,45,uncertain,597.0,246.0,43.0,70.0,618.5,281.0,382.0
1048,34.968,45,uncertain,597.0,246.0,43.0,70.0,618.5,281.0,382.0
1049,35.002,45,uncertain,597.0,246.0,43.0,70.0,618.5,281.0,382.0
1050,35.035,45,uncertain,597.0,246.0,43.0,70.0,618.5,281.0,382.0
1051,35.068,45,uncertain,597.0,246.0,43.0,70.0,618.5,281.0,382.0
1052,35.102,45,uncertain,597.0,246.0,43.0,70.0,618.5,281.0,382.0
1053,35.135,45,uncertain,597.0,246.0,43.0,70.0,618.5,281.0,382.0
2106,70.270,160,reacquired,494.0,148.0,26.0,13.0,507.0,154.5,0.0
2107,70.304,160,reacquired,494.0,149.0,26.0,12.0,507.0,155.0,15.0
2108,70.337,160,reacquired,494.0,150.0,26.0,13.0,507.0,156.5,45.0
2109,70.370,160,reacquired,494.0,150.0,26.0,12.0,507.0,156.0,15.0
2110,70.404,160,reacquired,494.0,151.0,27.0,12.0,507.5,157.0,33.5
2111,70.437,160,reacquired,493.0,151.0,27.0,12.0,506.5,157.0,30.0
2112,70.470,160,reacquired,493.0,151.0,27.0,12.0,506.5,157.0,0.0
2113,70.504,160,reacquired,492.0,151.0,25.0,12.0,504.5,157.0,59.9
2114,70.537,160,reacquired,488.0,151.0,26.0,12.0,501.0,157.0,104.9
2115,70.570,160,reacquired,484.0,151.0,26.0,12.0,497.0,157.0,119.9
2116,70.604,160,reacquired,480.0,151.0,26.0,12.0,493.0,157.0,119.9
2117,70.637,160,reacquired,474.0,151.0,27.0,12.0,487.5,157.0,164.8
2118,70.671,160,reacquired,468.0,150.0,26.0,13.0,481.0,156.5,195.4
2119,70.704,160,reacquired,463.0,150.0,26.0,13.0,476.0,156.5,149.9
2120,70.737,160,reacquired,459.0,150.0,26.0,12.0,472.0,156.0,120.8
2121,70.771,160,reacquired,454.0,151.0,27.0,12.0,467.5,157.0,138.2
2122,70.804,160,reacquired,451.0,152.0,26.0,12.0,464.0,158.0,109.1
2123,70.837,160,reacquired,448.0,152.0,25.0,12.0,460.5,158.0,104.9
2124,70.871,160,reacquired,446.0,152.0,26.0,12.0,459.0,158.0,45.0
2125,70.904,160,reacquired,445.0,153.0,25.0,12.0,457.5,159.0,54.0
2126,70.938,160,reacquired,443.0,152.0,26.0,12.0,456.0,158.0,54.0
2127,70.971,160,reacquired,442.0,152.0,26.0,12.0,455.0,158.0,30.0
2128,71.004,160,reacquired,442.0,151.0,26.0,11.0,455.0,156.5,45.0
2129,71.038,160,reacquired,443.0,149.0,25.0,12.0,455.5,155.0,47.4
2130,71.071,160,reacquired,443.0,148.0,26.0,12.0,456.0,154.0,33.5
2131,71.104,160,locked,444.0,147.0,26.0,12.0,457.0,153.0,42.4
2132,71.138,160,locked,447.0,146.0,25.0,12.0,459.5,152.0,80.7
2133,71.171,160,locked,451.0,145.0,25.0,12.0,463.5,151.0,123.6
2134,71.204,160,uncertain,451.0,145.0,25.0,12.0,463.5,151.0,123.6
2135,71.238,160,locked,447.0,156.0,27.0,11.0,460.5,161.5,163.6
2136,71.271,160,uncertain,447.0,156.0,27.0,11.0,460.5,161.5,163.6
2137,71.305,160,uncertain,447.0,156.0,27.0,11.0,460.5,161.5,163.6
2138,71.338,160,uncertain,447.0,156.0,27.0,11.0,460.5,161.5,163.6
2139,71.371,160,uncertain,447.0,156.0,27.0,11.0,460.5,161.5,163.6
2140,71.405,160,uncertain,447.0,156.0,27.0,11.0,460.5,161.5,163.6
2141,71.438,160,locked,475.0,171.0,16.0,13.0,483.0,177.5,137.9
2142,71.471,160,uncertain,475.0,171.0,16.0,13.0,483.0,177.5,137.9
2143,71.505,160,uncertain,475.0,171.0,16.0,13.0,483.0,177.5,137.9
2144,71.538,160,uncertain,475.0,171.0,16.0,13.0,483.0,177.5,137.9
2145,71.572,160,uncertain,475.0,171.0,16.0,13.0,483.0,177.5,137.9
2146,71.605,160,locked,541.0,86.0,34.0,17.0,558.0,94.5,231.9
2147,71.638,160,locked,553.0,82.0,28.0,18.0,567.0,91.0,289.4
2148,71.672,160,locked,564.0,79.0,28.0,17.0,578.0,87.5,346.0
2149,71.705,160,locked,576.0,76.0,29.0,17.0,590.5,84.5,385.3
2150,71.738,160,locked,588.0,75.0,26.0,18.0,601.0,84.0,315.0
2151,71.772,160,locked,600.0,75.0,28.0,17.0,614.0,83.5,389.9
2152,71.805,160,locked,614.0,75.0,25.0,19.0,626.5,84.5,375.8
2153,71.838,160,locked,624.0,79.0,16.0,20.0,632.0,89.0,213.0
2154,71.872,160,uncertain,624.0,79.0,16.0,20.0,632.0,89.0,213.0
2155,71.905,160,uncertain,624.0,79.0,16.0,20.0,632.0,89.0,213.0
2156,71.939,160,uncertain,624.0,79.0,16.0,20.0,632.0,89.0,213.0
2157,71.972,160,locked,610.0,92.0,15.0,21.0,617.5,102.5,148.4
2158,72.005,160,uncertain,610.0,92.0,15.0,21.0,617.5,102.5,148.4
2159,72.039,160,locked,583.0,94.0,20.0,19.0,593.0,103.5,367.4
2160,72.072,163,locked,583.0,92.0,20.0,20.0,593.0,102.0,45.0
2161,72.105,163,locked,583.0,89.0,20.0,22.0,593.0,100.0,59.9
2162,72.139,163,locked,581.0,73.0,58.0,36.0,610.0,91.0,282.7
2163,72.172,163,locked,580.0,72.0,58.0,35.0,609.0,89.5,54.0
2164,72.205,163,locked,579.0,69.0,58.0,36.0,608.0,87.0,80.7
2165,72.239,163,locked,579.0,67.0,57.0,36.0,607.5,85.0,61.8
2166,72.272,163,locked,579.0,62.0,56.0,36.0,607.0,80.0,150.6
2167,72.306,163,locked,577.0,58.0,58.0,35.0,606.0,75.5,138.2
2168,72.339,163,locked,576.0,51.0,57.0,36.0,604.5,69.0,199.9
2169,72.372,163,locked,575.0,44.0,57.0,36.0,603.5,62.0,211.9
2170,72.406,163,locked,574.0,38.0,57.0,36.0,602.5,56.0,182.3
2171,72.439,163,locked,573.0,33.0,56.0,37.0,601.0,51.5,142.2
2172,72.472,163,locked,571.0,30.0,60.0,34.0,601.0,47.0,134.9
2173,72.506,163,locked,570.0,25.0,61.0,34.0,600.5,42.0,150.6
2174,72.539,163,locked,568.0,20.0,61.0,35.0,598.5,37.5,147.6
2175,72.573,163,locked,566.0,15.0,55.0,36.0,593.5,33.0,201.6
2176,72.606,163,locked,566.0,11.0,52.0,37.0,592.0,29.5,114.1
2177,72.639,163,locked,570.0,9.0,63.0,36.0,601.5,27.0,294.4
2178,72.673,163,locked,580.0,9.0,54.0,33.0,607.0,25.5,170.9
2179,72.706,163,locked,582.0,5.0,51.0,35.0,607.5,22.5,91.2
2180,72.739,163,locked,593.0,5.0,42.0,33.0,614.0,21.5,197.1
2181,72.773,163,uncertain,593.0,5.0,42.0,33.0,614.0,21.5,197.1
2182,72.806,163,uncertain,593.0,5.0,42.0,33.0,614.0,21.5,197.1
2183,72.839,163,uncertain,593.0,5.0,42.0,33.0,614.0,21.5,197.1
2184,72.873,163,uncertain,593.0,5.0,42.0,33.0,614.0,21.5,197.1
2185,72.906,163,uncertain,593.0,5.0,42.0,33.0,614.0,21.5,197.1
2186,72.940,163,uncertain,593.0,5.0,42.0,33.0,614.0,21.5,197.1
2187,72.973,163,uncertain,593.0,5.0,42.0,33.0,614.0,21.5,197.1
2188,73.006,163,uncertain,593.0,5.0,42.0,33.0,614.0,21.5,197.1
2189,73.040,163,uncertain,593.0,5.0,42.0,33.0,614.0,21.5,197.1
2190,73.073,163,uncertain,593.0,5.0,42.0,33.0,614.0,21.5,197.1
2191,73.106,163,uncertain,593.0,5.0,42.0,33.0,614.0,21.5,197.1
2192,73.140,163,uncertain,593.0,5.0,42.0,33.0,614.0,21.5,197.1
2286,76.276,185,reacquired,248.0,190.0,36.0,31.0,266.0,205.5,0.0
2287,76.310,185,reacquired,256.0,188.0,42.0,33.0,277.0,204.5,331.0
2288,76.343,185,reacquired,262.0,185.0,47.0,44.0,285.5,207.0,265.5
2289,76.376,185,reacquired,270.0,184.0,48.0,46.0,294.0,207.0,254.7
2290,76.410,185,reacquired,279.0,183.0,44.0,47.0,301.0,206.5,210.3
2291,76.443,185,reacquired,287.0,176.0,52.0,45.0,313.0,198.5,432.2
2292,76.476,185,reacquired,293.0,174.0,51.0,53.0,318.5,200.5,175.4
2293,76.510,185,reacquired,297.0,171.0,52.0,45.0,323.0,193.5,249.4
2294,76.543,185,reacquired,300.0,169.0,51.0,46.0,325.5,192.0,87.4
2295,76.576,185,reacquired,315.0,162.0,43.0,41.0,336.5,182.5,435.6
2296,76.610,185,reacquired,318.0,163.0,40.0,39.0,338.0,182.5,45.0
2297,76.643,185,reacquired,323.0,161.0,39.0,40.0,342.5,181.0,142.2
2298,76.677,185,reacquired,325.0,159.0,39.0,39.0,344.5,178.5,96.0
2299,76.710,185,reacquired,329.0,156.0,37.0,40.0,347.5,176.0,117.0
2300,76.743,185,reacquired,332.0,147.0,37.0,41.0,350.5,167.5,270.1
2301,76.777,185,reacquired,334.0,140.0,37.0,44.0,352.5,162.0,175.4
2302,76.810,185,reacquired,335.0,134.0,37.0,43.0,353.5,155.5,197.1
2303,76.843,185,reacquired,338.0,126.0,36.0,42.0,356.0,147.0,265.5
2304,76.877,185,reacquired,340.0,119.0,40.0,41.0,360.0,139.5,254.7
2305,76.910,185,reacquired,342.0,112.0,39.0,39.0,361.5,131.5,243.9
2306,76.944,185,reacquired,343.0,106.0,38.0,39.0,362.0,125.5,180.4
2307,76.977,185,reacquired,346.0,101.0,37.0,39.0,364.5,120.5,167.5
2308,77.010,185,reacquired,348.0,96.0,37.0,39.0,366.5,115.5,161.4
2309,77.044,185,reacquired,350.0,92.0,37.0,39.0,368.5,111.5,134.0
2310,77.077,185,reacquired,352.0,88.0,37.0,39.0,370.5,107.5,134.0
2311,77.110,185,locked,355.0,84.0,36.0,39.0,373.0,103.5,141.4
2312,77.144,185,locked,356.0,78.0,36.0,38.0,374.0,97.0,197.1
2313,77.177,185,locked,358.0,73.0,36.0,39.0,376.0,92.5,147.6
2314,77.210,185,locked,359.0,67.0,37.0,39.0,377.5,86.5,185.4
2315,77.244,185,locked,360.0,62.0,37.0,41.0,378.5,82.5,123.6
2316,77.277,185,locked,361.0,58.0,38.0,41.0,380.0,78.5,128.0
2317,77.311,185,locked,364.0,53.0,37.0,41.0,382.5,73.5,167.5
2318,77.344,185,locked,363.0,50.0,39.0,42.0,382.5,71.0,74.9
2319,77.377,185,locked,364.0,46.0,40.0,41.0,384.0,66.5,142.2
2320,77.411,185,locked,365.0,42.0,41.0,43.0,385.5,63.5,100.5
2321,77.444,185,locked,366.0,38.0,41.0,41.0,386.5,58.5,152.8
2322,77.477,185,locked,370.0,34.0,38.0,40.0,389.0,54.0,154.3
2323,77.511,185,locked,376.0,29.0,34.0,38.0,393.0,48.0,216.1
2324,77.544,185,locked,378.0,25.0,34.0,37.0,395.0,43.5,147.6
2325,77.578,185,locked,382.0,21.0,31.0,35.0,397.5,38.5,167.5
2326,77.611,185,locked,384.0,17.0,30.0,36.0,399.0,35.0,114.1
2327,77.644,185,locked,383.0,15.0,32.0,37.0,399.0,33.5,45.0
2328,77.678,185,locked,384.0,13.0,33.0,37.0,400.5,31.5,74.9
2329,77.711,185,locked,385.0,9.0,33.0,38.0,401.5,28.0,109.1
2330,77.744,185,locked,386.0,6.0,33.0,39.0,402.5,25.5,80.7
2331,77.778,185,locked,387.0,2.0,33.0,41.0,403.5,22.5,94.8
2332,77.811,185,locked,389.0,1.0,32.0,39.0,405.0,20.5,74.9
2333,77.844,185,locked,389.0,1.0,33.0,36.0,405.5,19.0,47.4
2334,77.878,185,locked,391.0,0.0,33.0,34.0,407.5,17.0,84.8
2335,77.911,185,locked,392.0,1.0,34.0,31.0,409.0,16.5,47.4
2336,77.945,185,locked,393.0,1.0,32.0,29.0,409.0,15.5,30.0
2337,77.978,185,uncertain,393.0,1.0,32.0,29.0,409.0,15.5,30.0
2338,78.011,185,uncertain,393.0,1.0,32.0,29.0,409.0,15.5,30.0
2339,78.045,185,uncertain,393.0,1.0,32.0,29.0,409.0,15.5,30.0
2340,78.078,185,uncertain,393.0,1.0,32.0,29.0,409.0,15.5,30.0
2341,78.111,185,uncertain,393.0,1.0,32.0,29.0,409.0,15.5,30.0
2342,78.145,185,uncertain,393.0,1.0,32.0,29.0,409.0,15.5,30.0
2343,78.178,185,uncertain,393.0,1.0,32.0,29.0,409.0,15.5,30.0
2344,78.211,185,uncertain,393.0,1.0,32.0,29.0,409.0,15.5,30.0
2345,78.245,185,uncertain,393.0,1.0,32.0,29.0,409.0,15.5,30.0
2346,78.278,185,uncertain,393.0,1.0,32.0,29.0,409.0,15.5,30.0
2347,78.312,185,locked,376.0,1.0,19.0,8.0,385.5,5.0,70.1
2348,78.345,185,locked,371.0,1.0,21.0,9.0,381.5,5.5,120.8
2349,78.378,185,uncertain,371.0,1.0,21.0,9.0,381.5,5.5,120.8
2350,78.412,185,uncertain,371.0,1.0,21.0,9.0,381.5,5.5,120.8
2351,78.445,185,uncertain,371.0,1.0,21.0,9.0,381.5,5.5,120.8
2352,78.478,185,uncertain,371.0,1.0,21.0,9.0,381.5,5.5,120.8
2353,78.512,185,uncertain,371.0,1.0,21.0,9.0,381.5,5.5,120.8
2354,78.545,185,uncertain,371.0,1.0,21.0,9.0,381.5,5.5,120.8
2355,78.579,185,uncertain,371.0,1.0,21.0,9.0,381.5,5.5,120.8
2356,78.612,185,uncertain,371.0,1.0,21.0,9.0,381.5,5.5,120.8
2357,78.645,185,uncertain,371.0,1.0,21.0,9.0,381.5,5.5,120.8
2358,78.679,185,uncertain,371.0,1.0,21.0,9.0,381.5,5.5,120.8
2359,78.712,185,uncertain,371.0,1.0,21.0,9.0,381.5,5.5,120.8
3228,107.708,228,reacquired,472.0,213.0,57.0,31.0,500.5,228.5,0.0
3229,107.741,228,reacquired,478.0,212.0,59.0,31.0,507.5,227.5,211.9
3230,107.774,228,reacquired,485.0,210.0,59.0,30.0,514.5,225.0,222.8
3231,107.808,228,reacquired,490.0,208.0,60.0,31.0,520.0,223.5,170.9
3232,107.841,228,reacquired,497.0,206.0,59.0,31.0,526.5,221.5,203.8
3233,107.874,228,reacquired,502.0,203.0,59.0,31.0,531.5,218.5,174.8
3234,107.908,228,reacquired,508.0,201.0,60.0,31.0,538.0,216.5,203.8
3235,107.941,228,reacquired,513.0,198.0,59.0,32.0,542.5,214.0,154.3
3236,107.975,228,reacquired,517.0,195.0,60.0,32.0,547.0,211.0,162.1
3237,108.008,228,reacquired,521.0,194.0,59.0,31.0,550.5,209.5,114.1
3238,108.041,228,reacquired,524.0,193.0,59.0,32.0,553.5,209.0,91.2
3239,108.075,228,reacquired,527.0,192.0,59.0,31.0,556.5,207.5,100.5
3240,108.108,228,reacquired,527.0,190.0,59.0,32.0,556.5,206.0,45.0
3241,108.141,228,reacquired,527.0,190.0,59.0,31.0,556.5,205.5,15.0
3242,108.175,228,reacquired,526.0,189.0,59.0,32.0,555.5,205.0,33.5
3243,108.208,228,reacquired,525.0,187.0,59.0,32.0,554.5,203.0,67.0
3244,108.241,228,reacquired,526.0,185.0,59.0,32.0,555.5,201.0,67.0
3245,108.275,228,reacquired,528.0,184.0,58.0,31.0,557.0,199.5,63.6
3246,108.308,228,reacquired,530.0,181.0,59.0,32.0,559.5,197.0,106.0
3247,108.342,228,reacquired,534.0,179.0,59.0,32.0,563.5,195.0,134.0
3248,108.375,228,reacquired,539.0,177.0,59.0,32.0,568.5,193.0,161.4
3249,108.408,228,reacquired,545.0,175.0,59.0,32.0,574.5,191.0,189.5
3250,108.442,228,reacquired,550.0,175.0,59.0,32.0,579.5,191.0,149.9
3251,108.475,228,reacquired,556.0,175.0,60.0,32.0,586.0,191.0,194.8
3252,108.508,228,reacquired,562.0,175.0,59.0,32.0,591.5,191.0,164.8
3253,108.542,228,locked,566.0,178.0,59.0,31.0,595.5,193.5,141.4
3254,108.575,228,locked,569.0,179.0,59.0,32.0,598.5,195.0,100.5
3255,108.609,228,locked,573.0,182.0,59.0,32.0,602.5,198.0,149.9
3256,108.642,228,locked,577.0,185.0,58.0,31.0,606.0,200.5,128.9
3257,108.675,228,locked,582.0,186.0,57.0,32.0,610.5,202.0,142.2
3258,108.709,228,locked,588.0,188.0,52.0,32.0,614.0,204.0,120.8
3259,108.742,228,locked,594.0,189.0,46.0,32.0,617.0,205.0,94.8
3260,108.775,228,locked,599.0,189.0,41.0,33.0,619.5,205.5,76.4
3261,108.809,228,locked,605.0,189.0,34.0,32.0,622.0,205.0,76.4
3262,108.842,228,locked,612.0,190.0,28.0,32.0,626.0,206.0,123.6
3263,108.875,228,locked,620.0,190.0,20.0,32.0,630.0,206.0,119.9
3264,108.909,228,uncertain,620.0,190.0,20.0,32.0,630.0,206.0,119.9
3265,108.942,228,uncertain,620.0,190.0,20.0,32.0,630.0,206.0,119.9
3266,108.976,228,uncertain,620.0,190.0,20.0,32.0,630.0,206.0,119.9
3267,109.009,228,uncertain,620.0,190.0,20.0,32.0,630.0,206.0,119.9
3268,109.042,228,uncertain,620.0,190.0,20.0,32.0,630.0,206.0,119.9
3269,109.076,228,uncertain,620.0,190.0,20.0,32.0,630.0,206.0,119.9
3270,109.109,228,locked,617.0,216.0,23.0,16.0,628.5,224.0,77.3
3271,109.142,228,uncertain,617.0,216.0,23.0,16.0,628.5,224.0,77.3
3272,109.176,228,locked,596.0,205.0,30.0,14.0,611.0,212.0,318.0
3273,109.209,228,locked,588.0,199.0,39.0,16.0,607.5,207.0,182.9
3274,109.242,228,locked,595.0,193.0,39.0,16.0,614.5,201.0,276.3
3275,109.276,228,uncertain,595.0,193.0,39.0,16.0,614.5,201.0,276.3
3276,109.309,228,uncertain,595.0,193.0,39.0,16.0,614.5,201.0,276.3
3277,109.343,228,uncertain,595.0,193.0,39.0,16.0,614.5,201.0,276.3
3278,109.376,228,uncertain,595.0,193.0,39.0,16.0,614.5,201.0,276.3
3279,109.409,228,uncertain,595.0,193.0,39.0,16.0,614.5,201.0,276.3
3280,109.443,228,uncertain,595.0,193.0,39.0,16.0,614.5,201.0,276.3
3281,109.476,228,uncertain,595.0,193.0,39.0,16.0,614.5,201.0,276.3
3282,109.509,228,uncertain,595.0,193.0,39.0,16.0,614.5,201.0,276.3
3283,109.543,228,uncertain,595.0,193.0,39.0,16.0,614.5,201.0,276.3
3284,109.576,228,uncertain,595.0,193.0,39.0,16.0,614.5,201.0,276.3
3285,109.609,228,uncertain,595.0,193.0,39.0,16.0,614.5,201.0,276.3
3286,109.643,228,uncertain,595.0,193.0,39.0,16.0,614.5,201.0,276.3
3297,110.010,231,reacquired,174.0,32.0,61.0,40.0,204.5,52.0,0.0
3298,110.043,231,reacquired,170.0,33.0,62.0,41.0,201.0,53.5,114.1
3299,110.077,231,reacquired,167.0,33.0,62.0,40.0,198.0,53.0,91.2
3300,110.110,231,reacquired,165.0,33.0,61.0,41.0,195.5,53.5,76.4
3301,110.143,231,reacquired,162.0,34.0,61.0,41.0,192.5,54.5,94.8
3302,110.177,231,reacquired,160.0,34.0,61.0,42.0,190.5,55.0,61.8
3303,110.210,231,reacquired,158.0,35.0,60.0,41.0,188.0,55.5,76.4
3304,110.243,231,reacquired,155.0,35.0,61.0,42.0,185.5,56.0,76.4
3305,110.277,231,reacquired,153.0,35.0,62.0,42.0,184.0,56.0,45.0
3306,110.310,231,reacquired,152.0,36.0,61.0,42.0,182.5,57.0,54.0
3307,110.344,231,reacquired,149.0,36.0,61.0,42.0,179.5,57.0,89.9
3308,110.377,231,reacquired,146.0,36.0,62.0,42.0,177.0,57.0,74.9
3309,110.410,231,reacquired,144.0,36.0,62.0,43.0,175.0,57.5,61.8
3310,110.444,231,reacquired,141.0,36.0,62.0,42.0,172.0,57.0,91.2
3311,110.477,231,reacquired,139.0,36.0,62.0,42.0,170.0,57.0,59.9
3312,110.510,231,reacquired,136.0,33.0,61.0,45.0,166.5,55.5,114.1
3313,110.544,231,reacquired,133.0,31.0,61.0,44.0,163.5,53.0,117.0
3314,110.577,231,reacquired,132.0,29.0,60.0,45.0,162.0,51.5,63.6
3315,110.611,231,reacquired,129.0,28.0,61.0,45.0,159.5,50.5,80.7
3316,110.644,231,reacquired,130.0,27.0,60.0,46.0,160.0,50.0,21.2
3317,110.677,231,reacquired,131.0,26.0,60.0,45.0,161.0,48.5,54.0
3318,110.711,231,reacquired,134.0,24.0,60.0,46.0,164.0,47.0,100.5
3319,110.744,231,reacquired,138.0,21.0,61.0,46.0,168.5,44.0,162.1
3320,110.777,231,reacquired,144.0,18.0,60.0,46.0,174.0,41.0,187.8
3321,110.811,231,reacquired,149.0,17.0,61.0,45.0,179.5,39.5,170.9
3322,110.844,231,locked,155.0,17.0,60.0,45.0,185.0,39.5,164.8
3323,110.877,231,locked,161.0,19.0,59.0,45.0,190.5,41.5,175.4
3324,110.911,231,locked,168.0,26.0,56.0,42.0,196.0,47.0,233.1
3325,110.944,231,locked,175.0,31.0,54.0,41.0,202.0,51.5,224.8
3326,110.978,231,locked,180.0,36.0,52.0,40.0,206.0,56.0,180.4
3327,111.011,231,locked,184.0,42.0,51.0,38.0,209.5,61.0,182.9
3328,111.044,231,locked,187.0,45.0,49.0,38.0,211.5,64.0,108.1
3329,111.078,231,locked,187.0,45.0,50.0,38.0,212.0,64.0,15.0
3330,111.111,231,locked,187.0,45.0,50.0,39.0,212.0,64.5,15.0
3331,111.144,231,locked,187.0,47.0,49.0,39.0,211.5,66.5,61.8
3332,111.178,231,locked,192.0,51.0,46.0,38.0,215.0,70.0,148.3
3333,111.211,231,locked,196.0,56.0,44.0,36.0,218.0,74.0,149.9
3334,111.244,231,locked,197.0,58.0,44.0,36.0,219.0,76.0,67.0
3335,111.278,231,locked,197.0,59.0,44.0,36.0,219.0,77.0,30.0
3336,111.311,231,locked,197.0,59.0,44.0,37.0,219.0,77.5,15.0
3337,111.345,231,locked,196.0,58.0,44.0,37.0,218.0,76.5,42.4
3338,111.378,231,locked,195.0,58.0,44.0,37.0,217.0,76.5,30.0
3339,111.411,231,locked,195.0,58.0,44.0,37.0,217.0,76.5,0.0
3340,111.445,231,locked,194.0,58.0,43.0,38.0,215.5,77.0,47.4
3341,111.478,231,locked,194.0,59.0,44.0,37.0,216.0,77.5,21.2
3342,111.511,231,locked,193.0,59.0,44.0,38.0,215.0,78.0,33.5
3343,111.545,231,locked,192.0,61.0,43.0,37.0,213.5,79.5,63.6
3344,111.578,231,locked,189.0,63.0,44.0,38.0,211.0,82.0,106.0
3345,111.612,231,locked,186.0,64.0,44.0,40.0,208.0,84.0,108.1
3346,111.645,231,locked,182.0,67.0,43.0,39.0,203.5,86.5,154.3
3347,111.678,231,locked,177.0,69.0,43.0,39.0,198.5,88.5,161.4
3348,111.712,231,locked,173.0,71.0,42.0,40.0,194.0,91.0,154.3
3349,111.745,231,locked,167.0,73.0,42.0,39.0,188.0,92.5,185.4
3350,111.778,231,locked,162.0,75.0,42.0,40.0,183.0,95.0,167.5
3351,111.812,231,locked,158.0,78.0,42.0,40.0,179.0,98.0,149.9
3352,111.845,231,locked,155.0,79.0,41.0,40.0,175.5,99.0,109.1
3353,111.878,231,locked,153.0,81.0,41.0,40.0,173.5,101.0,84.8
3354,111.912,231,locked,150.0,82.0,42.0,40.0,171.0,102.0,80.7
3355,111.945,231,locked,149.0,84.0,42.0,40.0,170.0,104.0,67.0
3356,111.979,231,locked,147.0,84.0,42.0,41.0,168.0,104.5,61.8
3357,112.012,231,locked,145.0,86.0,42.0,41.0,166.0,106.5,84.8
3358,112.045,231,locked,143.0,88.0,41.0,42.0,163.5,109.0,106.0
3359,112.079,231,locked,140.0,92.0,41.0,41.0,160.5,112.5,138.2
3360,112.112,231,locked,137.0,94.0,41.0,42.0,157.5,115.0,117.0
3361,112.145,231,locked,132.0,97.0,42.0,42.0,153.0,118.0,162.1
3362,112.179,231,locked,128.0,100.0,41.0,42.0,148.5,121.0,162.1
3363,112.212,231,locked,124.0,104.0,41.0,41.0,144.5,124.5,159.3
3364,112.245,231,locked,121.0,106.0,40.0,43.0,141.0,127.5,138.2
3365,112.279,231,locked,119.0,109.0,41.0,43.0,139.5,130.5,100.5
3366,112.312,231,locked,117.0,113.0,41.0,42.0,137.5,134.0,120.8
3367,112.346,231,locked,116.0,116.0,40.0,43.0,136.0,137.5,114.1
3368,112.379,231,locked,115.0,120.0,40.0,43.0,135.0,141.5,123.6
3369,112.412,231,locked,114.0,123.0,40.0,43.0,134.0,144.5,94.8
3370,112.446,231,locked,114.0,125.0,40.0,44.0,134.0,147.0,74.9
3371,112.479,231,locked,114.0,129.0,39.0,43.0,133.5,150.5,106.0
3372,112.512,231,locked,112.0,130.0,40.0,44.0,132.0,152.0,63.6
3373,112.546,231,locked,112.0,132.0,38.0,44.0,131.0,154.0,67.0
3374,112.579,231,locked,110.0,135.0,39.0,44.0,129.5,157.0,100.5
3375,112.612,231,locked,108.0,137.0,39.0,43.0,127.5,158.5,74.9
3376,112.646,231,locked,104.0,140.0,39.0,44.0,123.5,162.0,159.3
3377,112.679,231,locked,100.0,142.0,39.0,44.0,119.5,164.0,134.0
3378,112.713,231,locked,97.0,145.0,39.0,45.0,116.5,167.5,138.2
3379,112.746,231,locked,95.0,150.0,38.0,44.0,114.0,172.0,154.3
3380,112.779,231,locked,92.0,156.0,38.0,44.0,111.0,178.0,201.0
3381,112.813,231,locked,90.0,162.0,38.0,45.0,109.0,184.5,203.8
3382,112.846,231,locked,89.0,168.0,37.0,46.0,107.5,191.0,199.9
3383,112.879,231,locked,87.0,174.0,37.0,46.0,105.5,197.0,189.5
3384,112.913,231,locked,85.0,178.0,38.0,48.0,104.0,202.0,156.4
3385,112.946,231,locked,84.0,183.0,38.0,46.0,103.0,206.0,123.6
3386,112.980,231,locked,83.0,188.0,38.0,46.0,102.0,211.0,152.8
3387,113.013,231,locked,82.0,191.0,38.0,46.0,101.0,214.0,94.8
3388,113.046,231,locked,82.0,193.0,38.0,48.0,101.0,217.0,89.9
3389,113.080,231,locked,82.0,196.0,37.0,47.0,100.5,219.5,76.4
3390,113.113,231,locked,81.0,198.0,38.0,48.0,100.0,222.0,76.4
3391,113.146,231,locked,82.0,199.0,37.0,48.0,100.5,223.0,33.5
3392,113.180,231,locked,81.0,200.0,37.0,48.0,99.5,224.0,42.4
3393,113.213,231,locked,82.0,201.0,36.0,49.0,100.0,225.5,47.4
3394,113.246,231,locked,82.0,202.0,36.0,49.0,100.0,226.5,30.0
3395,113.280,231,locked,82.0,201.0,36.0,49.0,100.0,225.5,30.0
3396,113.313,231,locked,82.0,199.0,36.0,49.0,100.0,223.5,59.9
3397,113.347,231,locked,83.0,196.0,36.0,49.0,101.0,220.5,94.8
3398,113.380,231,locked,83.0,192.0,36.0,48.0,101.0,216.0,134.9
3399,113.413,231,locked,84.0,187.0,35.0,49.0,101.5,211.5,135.7
3400,113.447,231,locked,84.0,182.0,35.0,49.0,101.5,206.5,149.9
3401,113.480,231,locked,85.0,177.0,35.0,50.0,102.5,202.0,138.2
3402,113.513,231,locked,84.0,174.0,35.0,50.0,101.5,199.0,94.8
3403,113.547,231,locked,84.0,173.0,35.0,49.0,101.5,197.5,45.0
3404,113.580,231,locked,86.0,172.0,33.0,50.0,102.5,197.0,33.5
3405,113.614,231,locked,85.0,171.0,34.0,50.0,102.0,196.0,33.5
3406,113.647,231,locked,85.0,171.0,33.0,50.0,101.5,196.0,15.0
3407,113.680,231,locked,85.0,172.0,33.0,51.0,101.5,197.5,45.0
3408,113.714,231,locked,86.0,173.0,32.0,51.0,102.0,198.5,33.5
3409,113.747,231,locked,87.0,176.0,32.0,50.0,103.0,201.0,80.7
3410,113.780,231,locked,88.0,176.0,32.0,51.0,104.0,201.5,33.5
3411,113.814,231,locked,90.0,178.0,31.0,51.0,105.5,203.5,74.9
3412,113.847,231,locked,92.0,180.0,31.0,51.0,107.5,205.5,84.8
3413,113.880,231,locked,95.0,182.0,30.0,51.0,110.0,207.5,96.0
3414,113.914,231,locked,97.0,184.0,31.0,51.0,112.5,209.5,96.0
3415,113.947,231,locked,99.0,186.0,30.0,51.0,114.0,211.5,74.9
3416,113.981,231,locked,100.0,187.0,31.0,52.0,115.5,213.0,63.6
3417,114.014,231,locked,103.0,190.0,30.0,51.0,118.0,215.5,106.0
3418,114.047,231,locked,103.0,191.0,29.0,52.0,117.5,217.0,47.4
3419,114.081,231,locked,105.0,193.0,29.0,52.0,119.5,219.0,84.8
3420,114.114,231,locked,106.0,193.0,29.0,53.0,120.5,219.5,33.5
3421,114.147,231,locked,107.0,194.0,28.0,53.0,121.0,220.5,33.5
3422,114.181,231,locked,108.0,195.0,28.0,52.0,122.0,221.0,33.5
3423,114.214,231,locked,110.0,195.0,27.0,54.0,123.5,222.0,54.0
3424,114.247,231,locked,111.0,195.0,27.0,53.0,124.5,221.5,33.5
3425,114.281,231,locked,113.0,196.0,26.0,53.0,126.0,222.5,54.0
3426,114.314,231,locked,112.0,197.0,26.0,53.0,125.0,223.5,42.4
3427,114.348,231,locked,112.0,199.0,26.0,52.0,125.0,225.0,45.0
3428,114.381,231,locked,112.0,201.0,26.0,53.0,125.0,227.5,74.9
3429,114.414,231,locked,111.0,202.0,27.0,54.0,124.5,229.0,47.4
4220,140.807,253,reacquired,215.0,134.0,18.0,15.0,224.0,141.5,0.0
4221,140.841,253,reacquired,218.0,135.0,17.0,16.0,226.5,143.0,87.4
4222,140.874,253,reacquired,219.0,137.0,17.0,16.0,227.5,145.0,67.0
4223,140.907,253,reacquired,220.0,138.0,17.0,17.0,228.5,146.5,54.0
4224,140.941,253,reacquired,220.0,139.0,18.0,17.0,229.0,147.5,33.5
4225,140.974,253,reacquired,223.0,141.0,17.0,16.0,231.5,149.0,87.4
4226,141.008,253,reacquired,224.0,144.0,18.0,17.0,233.0,152.5,114.1
4227,141.041,253,reacquired,229.0,146.0,16.0,17.0,237.0,154.5,134.0
4228,141.074,253,reacquired,235.0,151.0,17.0,16.0,243.5,159.0,236.9
4229,141.108,253,reacquired,242.0,155.0,17.0,16.0,250.5,163.0,241.6
4230,141.141,253,reacquired,248.0,159.0,16.0,16.0,256.0,167.0,203.8
4231,141.174,253,reacquired,255.0,164.0,17.0,15.0,263.5,171.5,262.1
4232,141.208,253,reacquired,261.0,168.0,16.0,16.0,269.0,176.0,213.0
4233,141.241,253,reacquired,267.0,173.0,15.0,16.0,274.5,181.0,222.8
4234,141.274,253,reacquired,271.0,178.0,15.0,15.0,278.5,185.5,180.4
4235,141.308,253,reacquired,276.0,182.0,14.0,15.0,283.0,189.5,180.4
4236,141.341,253,reacquired,281.0,186.0,14.0,14.0,288.0,193.0,182.9
4237,141.375,253,reacquired,284.0,189.0,13.0,13.0,290.5,195.5,106.0
4238,141.408,253,reacquired,286.0,193.0,15.0,13.0,293.5,199.5,149.9
4239,141.441,253,reacquired,288.0,195.0,14.0,13.0,295.0,201.5,74.9
4240,141.475,253,reacquired,290.0,197.0,12.0,13.0,296.0,203.5,67.0
4241,141.508,253,reacquired,291.0,199.0,14.0,13.0,298.0,205.5,84.8
4242,141.541,253,reacquired,293.0,201.0,13.0,13.0,299.5,207.5,74.9
4243,141.575,253,reacquired,293.0,203.0,15.0,13.0,300.5,209.5,67.0
4244,141.608,253,reacquired,295.0,204.0,14.0,13.0,302.0,210.5,54.0
4245,141.642,253,locked,296.0,206.0,14.0,13.0,303.0,212.5,67.0
4246,141.675,253,locked,296.0,207.0,15.0,14.0,303.5,214.0,47.4
4247,141.708,253,locked,297.0,208.0,15.0,14.0,304.5,215.0,42.4
4248,141.742,253,locked,298.0,210.0,16.0,14.0,306.0,217.0,74.9
4249,141.775,253,locked,298.0,212.0,17.0,13.0,306.5,218.5,47.4
4250,141.808,253,locked,299.0,213.0,16.0,13.0,307.0,219.5,33.5
4251,141.842,253,locked,300.0,214.0,16.0,14.0,308.0,221.0,54.0
4252,141.875,253,locked,301.0,216.0,17.0,13.0,309.5,222.5,63.6
4253,141.908,253,locked,302.0,218.0,16.0,14.0,310.0,225.0,76.4
4254,141.942,253,locked,303.0,219.0,17.0,13.0,311.5,225.5,47.4
4255,141.975,253,locked,304.0,222.0,17.0,13.0,312.5,228.5,94.8
4256,142.009,253,locked,305.0,222.0,17.0,14.0,313.5,229.0,33.5
4257,142.042,253,locked,307.0,224.0,16.0,13.0,315.0,230.5,63.6
4258,142.075,253,locked,308.0,226.0,15.0,13.0,315.5,232.5,61.8
4259,142.109,253,locked,311.0,230.0,15.0,12.0,318.5,236.0,138.2
4260,142.142,253,locked,313.0,233.0,15.0,13.0,320.5,239.5,120.8
4261,142.175,253,locked,319.0,238.0,13.0,14.0,325.5,245.0,222.8
4262,142.209,253,locked,326.0,247.0,13.0,11.0,332.5,252.5,307.5
4263,142.242,253,locked,334.0,253.0,13.0,11.0,340.5,258.5,299.7
4372,145.879,255,reacquired,415.0,288.0,21.0,16.0,425.5,296.0,0.0
4373,145.912,255,reacquired,418.0,289.0,22.0,17.0,429.0,297.5,114.1
4374,145.946,255,reacquired,422.0,291.0,21.0,17.0,432.5,299.5,120.8
4375,145.979,255,reacquired,426.0,290.0,20.0,19.0,436.0,299.5,104.9
4376,146.013,255,reacquired,430.0,293.0,20.0,19.0,440.0,302.5,149.9
4377,146.046,255,reacquired,435.0,296.0,19.0,19.0,444.5,305.5,162.1
4378,146.079,255,reacquired,439.0,300.0,21.0,18.0,449.5,309.0,182.9
4379,146.113,255,reacquired,443.0,302.0,20.0,18.0,453.0,311.0,120.8
4380,146.146,255,reacquired,446.0,304.0,20.0,18.0,456.0,313.0,108.1
4381,146.179,255,reacquired,448.0,307.0,19.0,18.0,457.5,316.0,100.5
4382,146.213,255,reacquired,450.0,309.0,19.0,18.0,459.5,318.0,84.8
4383,146.246,255,reacquired,453.0,311.0,20.0,17.0,463.0,319.5,114.1
4384,146.279,255,reacquired,454.0,313.0,21.0,18.0,464.5,322.0,87.4
4385,146.313,255,reacquired,456.0,316.0,20.0,18.0,466.0,325.0,100.5
4386,146.346,255,reacquired,459.0,318.0,19.0,19.0,468.5,327.5,106.0
4387,146.380,255,reacquired,461.0,321.0,19.0,18.0,470.5,330.0,96.0
4388,146.413,255,reacquired,463.0,325.0,20.0,18.0,473.0,334.0,141.4
4389,146.446,255,reacquired,466.0,328.0,17.0,18.0,474.5,337.0,100.5
4390,146.480,255,reacquired,468.0,333.0,19.0,17.0,477.5,341.5,162.1
4391,146.513,255,reacquired,470.0,337.0,18.0,17.0,479.0,345.5,128.0
4392,146.546,255,reacquired,471.0,340.0,19.0,17.0,480.5,348.5,100.5
4393,146.580,255,reacquired,473.0,342.0,18.0,17.0,482.0,350.5,74.9
4394,146.613,255,reacquired,475.0,345.0,18.0,15.0,484.0,352.5,84.8
4395,146.647,255,reacquired,473.0,348.0,21.0,12.0,483.5,354.0,47.4
4396,146.680,255,reacquired,476.0,350.0,19.0,10.0,485.5,355.0,67.0
4397,146.713,255,uncertain,476.0,350.0,19.0,10.0,485.5,355.0,67.0
4398,146.747,255,uncertain,476.0,350.0,19.0,10.0,485.5,355.0,67.0
4399,146.780,255,uncertain,476.0,350.0,19.0,10.0,485.5,355.0,67.0
4400,146.813,255,uncertain,476.0,350.0,19.0,10.0,485.5,355.0,67.0
4401,146.847,255,uncertain,476.0,350.0,19.0,10.0,485.5,355.0,67.0
4402,146.880,255,uncertain,476.0,350.0,19.0,10.0,485.5,355.0,67.0
4403,146.913,255,uncertain,476.0,350.0,19.0,10.0,485.5,355.0,67.0
4404,146.947,255,uncertain,476.0,350.0,19.0,10.0,485.5,355.0,67.0
4405,146.980,255,uncertain,476.0,350.0,19.0,10.0,485.5,355.0,67.0
4406,147.014,255,uncertain,476.0,350.0,19.0,10.0,485.5,355.0,67.0
4407,147.047,255,uncertain,476.0,350.0,19.0,10.0,485.5,355.0,67.0
4408,147.080,255,uncertain,476.0,350.0,19.0,10.0,485.5,355.0,67.0
4496,150.017,259,reacquired,225.0,330.0,36.0,29.0,243.0,344.5,0.0
4497,150.050,259,reacquired,221.0,330.0,37.0,30.0,239.5,345.0,106.0
4498,150.083,259,reacquired,217.0,330.0,36.0,30.0,235.0,345.0,134.9
4499,150.117,259,reacquired,211.0,330.0,37.0,30.0,229.5,345.0,164.8
4500,150.150,259,reacquired,206.0,332.0,37.0,28.0,224.5,346.0,152.8
4501,150.183,259,reacquired,201.0,333.0,37.0,27.0,219.5,346.5,150.6
4502,150.217,259,reacquired,196.0,337.0,37.0,23.0,214.5,348.5,161.4
4503,150.250,259,reacquired,196.0,337.0,37.0,23.0,214.5,348.5,161.4
4504,150.283,259,reacquired,196.0,337.0,37.0,23.0,214.5,348.5,161.4
4505,150.317,259,reacquired,196.0,337.0,37.0,23.0,214.5,348.5,161.4
4506,150.350,259,reacquired,196.0,337.0,37.0,23.0,214.5,348.5,161.4
4507,150.384,259,reacquired,196.0,337.0,37.0,23.0,214.5,348.5,161.4
4508,150.417,259,reacquired,196.0,337.0,37.0,23.0,214.5,348.5,161.4
4509,150.450,259,reacquired,196.0,337.0,37.0,23.0,214.5,348.5,161.4
4510,150.484,259,reacquired,196.0,337.0,37.0,23.0,214.5,348.5,161.4
4511,150.517,259,reacquired,196.0,337.0,37.0,23.0,214.5,348.5,161.4
4512,150.550,259,reacquired,155.0,342.0,23.0,17.0,166.5,350.5,144.0
4513,150.584,259,reacquired,155.0,342.0,23.0,17.0,166.5,350.5,144.0
4514,150.617,259,reacquired,155.0,342.0,23.0,17.0,166.5,350.5,144.0
4515,150.650,259,reacquired,155.0,342.0,23.0,17.0,166.5,350.5,144.0
4516,150.684,259,reacquired,155.0,342.0,23.0,17.0,166.5,350.5,144.0
4517,150.717,259,reacquired,155.0,342.0,23.0,17.0,166.5,350.5,144.0
4518,150.751,259,reacquired,155.0,342.0,23.0,17.0,166.5,350.5,144.0
4519,150.784,259,reacquired,155.0,342.0,23.0,17.0,166.5,350.5,144.0
4520,150.817,259,reacquired,155.0,342.0,23.0,17.0,166.5,350.5,144.0
4521,150.851,259,uncertain,155.0,342.0,23.0,17.0,166.5,350.5,144.0
4522,150.884,259,uncertain,155.0,342.0,23.0,17.0,166.5,350.5,144.0
4523,150.917,259,uncertain,155.0,342.0,23.0,17.0,166.5,350.5,144.0
4524,150.951,259,uncertain,155.0,342.0,23.0,17.0,166.5,350.5,144.0
4755,158.659,271,reacquired,551.0,142.0,52.0,23.0,577.0,153.5,0.0
4756,158.692,271,reacquired,550.0,147.0,54.0,23.0,577.0,158.5,149.9
4757,158.725,271,reacquired,552.0,149.0,54.0,23.0,579.0,160.5,84.8
4758,158.759,271,reacquired,554.0,153.0,55.0,24.0,581.5,165.0,154.3
4759,158.792,271,reacquired,555.0,159.0,55.0,23.0,582.5,170.5,167.5
4760,158.825,271,reacquired,556.0,164.0,54.0,23.0,583.0,175.5,150.6
4761,158.859,271,reacquired,558.0,168.0,54.0,24.0,585.0,180.0,147.6
4762,158.892,271,reacquired,559.0,173.0,54.0,23.0,586.0,184.5,138.2
4763,158.925,271,reacquired,561.0,177.0,54.0,23.0,588.0,188.5,134.0
4764,158.959,271,reacquired,562.0,181.0,54.0,24.0,589.0,193.0,138.2
4765,158.992,271,reacquired,566.0,186.0,54.0,23.0,593.0,197.5,180.4
4766,159.026,271,reacquired,570.0,190.0,54.0,24.0,597.0,202.0,180.4
4767,159.059,271,reacquired,574.0,193.0,54.0,24.0,601.0,205.0,149.9
4768,159.092,271,reacquired,579.0,195.0,54.0,24.0,606.0,207.0,161.4
4769,159.126,271,reacquired,584.0,196.0,53.0,24.0,610.5,208.0,138.2
4770,159.159,271,reacquired,589.0,197.0,50.0,24.0,614.0,209.0,109.1
4771,159.192,271,reacquired,595.0,196.0,45.0,25.0,617.5,208.5,106.0
4772,159.226,271,reacquired,602.0,197.0,38.0,24.0,621.0,209.0,106.0
4773,159.259,271,reacquired,608.0,197.0,32.0,24.0,624.0,209.0,89.9
4774,159.292,271,reacquired,608.0,197.0,32.0,24.0,624.0,209.0,89.9
4775,159.326,271,reacquired,623.0,195.0,17.0,29.0,631.5,209.5,112.6
4776,159.359,271,reacquired,623.0,195.0,17.0,29.0,631.5,209.5,112.6
4777,159.393,271,reacquired,623.0,195.0,17.0,29.0,631.5,209.5,112.6
4778,159.426,271,reacquired,630.0,153.0,9.0,34.0,634.5,170.0,395.7
4779,159.459,271,reacquired,630.0,153.0,9.0,34.0,634.5,170.0,395.7
4780,159.493,271,locked,611.0,119.0,29.0,23.0,625.5,130.5,607.1
4781,159.526,271,locked,617.0,114.0,23.0,24.0,628.5,126.0,162.1
4782,159.559,271,locked,623.0,112.0,17.0,24.0,631.5,124.0,108.1
4783,159.593,271,locked,629.0,108.0,11.0,29.0,634.5,122.5,100.5
4784,159.626,271,locked,635.0,101.0,5.0,33.0,637.5,117.5,174.8
4785,159.660,271,locked,616.0,124.0,24.0,20.0,628.0,134.0,570.6
4786,159.693,271,locked,605.0,122.0,34.0,15.0,622.0,129.5,224.8
4787,159.726,271,locked,608.0,122.0,32.0,15.0,624.0,129.5,59.9
4788,159.760,271,locked,616.0,124.0,24.0,19.0,628.0,133.5,169.5
4789,159.793,271,locked,624.0,124.0,16.0,23.0,632.0,135.5,134.0
4790,159.826,271,uncertain,624.0,124.0,16.0,23.0,632.0,135.5,134.0
4791,159.860,271,locked,604.0,107.0,23.0,19.0,615.5,116.5,377.1
4792,159.893,271,locked,611.0,106.0,23.0,17.0,622.5,114.5,218.2
4793,159.926,271,locked,620.0,107.0,20.0,15.0,630.0,114.5,224.8
4925,164.331,300,reacquired,98.6,178.3,108.8,60.4,153.0,208.5,0.0
4926,164.364,300,reacquired,97.0,174.0,126.0,67.0,160.0,207.5,211.9
4927,164.398,300,reacquired,105.0,174.0,125.0,66.0,167.5,207.0,225.3
4928,164.431,300,reacquired,114.0,173.0,126.0,67.0,177.0,206.5,285.1
4929,164.464,300,reacquired,124.0,172.0,125.0,67.0,186.5,205.5,286.3
4930,164.498,300,reacquired,133.0,170.0,125.0,67.0,195.5,203.5,276.3
4931,164.531,300,reacquired,142.0,169.0,126.0,67.0,205.0,202.5,286.3
4932,164.564,300,reacquired,150.0,166.0,125.0,67.0,212.5,199.5,242.1
4933,164.598,300,reacquired,157.0,160.0,125.0,68.0,219.5,194.0,266.8
4934,164.631,300,reacquired,162.0,156.0,125.0,68.0,224.5,190.0,191.9
4935,164.665,300,reacquired,165.0,152.0,124.0,68.0,227.0,186.0,141.4
4936,164.698,300,reacquired,166.0,148.0,123.0,68.0,227.5,182.0,120.8
4937,164.731,300,reacquired,165.0,147.0,123.0,69.0,226.5,181.5,33.5
4938,164.765,300,reacquired,165.0,145.0,123.0,70.0,226.5,180.0,45.0
4939,164.798,300,reacquired,164.0,143.0,124.0,71.0,226.0,178.5,47.4
4940,164.831,300,reacquired,164.0,142.0,123.0,71.0,225.5,177.5,33.5
4941,164.865,300,reacquired,164.0,141.0,123.0,72.0,225.5,177.0,15.0
4942,164.898,300,reacquired,165.0,140.0,124.0,73.0,227.0,176.5,47.4
4943,164.931,300,reacquired,168.0,139.0,123.0,74.0,229.5,176.0,76.4
4944,164.965,300,reacquired,169.0,139.0,123.0,73.0,230.5,175.5,33.5
4945,164.998,300,reacquired,172.0,137.0,123.0,75.0,233.5,174.5,94.8
4946,165.032,300,reacquired,174.0,137.0,123.0,74.0,235.5,174.0,61.8
4947,165.065,300,reacquired,177.0,136.0,123.0,75.0,238.5,173.5,91.2
4948,165.098,300,reacquired,179.0,135.0,124.0,76.0,241.0,173.0,76.4
4949,165.132,300,reacquired,182.0,136.0,122.0,76.0,243.0,174.0,67.0
4950,165.165,300,locked,184.0,135.0,122.0,76.0,245.0,173.0,67.0
4951,165.198,300,locked,187.0,134.0,122.0,78.0,248.0,173.0,89.9
4952,165.232,300,locked,190.0,133.0,122.0,78.0,251.0,172.0,94.8
4953,165.265,300,locked,194.0,133.0,121.0,78.0,254.5,172.0,104.9
4954,165.298,300,locked,198.0,132.0,121.0,79.0,258.5,171.5,120.8
4955,165.332,300,locked,203.0,131.0,120.0,80.0,263.0,171.0,135.7
4956,165.365,300,locked,207.0,131.0,120.0,79.0,267.0,170.5,120.8
4957,165.399,300,locked,210.0,127.0,122.0,82.0,271.0,168.0,141.4
4958,165.432,300,locked,210.0,123.0,127.0,87.0,273.5,166.5,87.4
4959,165.465,300,locked,210.0,120.0,134.0,90.0,277.0,165.0,114.1
4960,165.499,300,locked,209.0,115.0,138.0,94.0,278.0,162.0,94.8
4961,165.532,300,locked,207.0,108.0,144.0,98.0,279.0,157.0,152.8
4962,165.565,300,locked,203.0,101.0,149.0,104.0,277.5,153.0,128.0
4963,165.599,300,locked,194.0,92.0,155.0,109.0,271.5,146.5,265.1
4964,165.632,300,locked,179.0,81.0,159.0,115.0,258.5,138.5,457.5
4965,165.666,300,locked,156.0,72.0,171.0,123.0,241.5,133.5,531.1
4966,165.699,300,locked,137.0,65.0,172.0,127.0,223.0,128.5,574.3
4967,165.732,300,locked,117.0,59.0,172.0,134.0,203.0,126.0,604.1
4968,165.766,300,locked,97.0,52.0,169.0,141.0,181.5,122.5,652.8
4969,165.799,300,locked,55.0,44.0,186.0,152.0,148.0,120.0,1006.8
4970,165.832,300,locked,18.0,36.0,193.0,164.0,114.5,118.0,1005.8
4971,165.866,300,locked,1.0,29.0,179.0,166.0,90.5,112.0,741.4
4972,165.899,300,locked,0.0,19.0,148.0,171.0,74.0,104.5,543.2
4973,165.932,300,locked,0.0,13.0,120.0,149.0,60.0,87.5,660.0
4974,165.966,300,uncertain,0.0,13.0,120.0,149.0,60.0,87.5,660.0
4975,165.999,300,uncertain,0.0,13.0,120.0,149.0,60.0,87.5,660.0
4976,166.033,300,uncertain,0.0,13.0,120.0,149.0,60.0,87.5,660.0
4977,166.066,300,uncertain,0.0,13.0,120.0,149.0,60.0,87.5,660.0
4978,166.099,300,uncertain,0.0,13.0,120.0,149.0,60.0,87.5,660.0
4979,166.133,300,uncertain,0.0,13.0,120.0,149.0,60.0,87.5,660.0
4980,166.166,300,uncertain,0.0,13.0,120.0,149.0,60.0,87.5,660.0
4981,166.199,300,uncertain,0.0,13.0,120.0,149.0,60.0,87.5,660.0
4982,166.233,300,uncertain,0.0,13.0,120.0,149.0,60.0,87.5,660.0
4983,166.266,300,uncertain,0.0,13.0,120.0,149.0,60.0,87.5,660.0
4984,166.299,300,uncertain,0.0,13.0,120.0,149.0,60.0,87.5,660.0
4985,166.333,300,uncertain,0.0,13.0,120.0,149.0,60.0,87.5,660.0
5000,166.833,300,reacquired,0.0,150.0,149.0,207.0,74.5,253.5,0.0
5001,166.867,300,reacquired,0.0,156.0,147.0,201.0,73.5,256.5,94.8
5002,166.900,300,reacquired,0.0,162.0,144.0,192.0,72.0,258.0,63.6
5003,166.933,300,reacquired,0.0,172.0,144.0,182.0,72.0,263.0,149.9
5004,166.967,300,reacquired,0.0,183.0,142.0,171.0,71.0,268.5,167.5
5005,167.000,300,reacquired,0.0,195.0,141.0,157.0,70.5,273.5,150.6
5006,167.034,310,reacquired,0.0,208.0,139.0,141.0,69.5,278.5,152.8
5007,167.067,310,reacquired,2.0,221.0,138.0,130.0,71.0,286.0,229.2
5008,167.100,310,reacquired,6.0,227.0,136.0,124.0,74.0,289.0,127.2
5009,167.134,310,reacquired,12.0,231.0,131.0,122.0,77.5,292.0,138.2
5010,167.167,310,reacquired,11.0,235.0,135.0,113.0,78.5,291.5,33.5
5011,167.200,310,reacquired,27.0,236.0,125.0,112.0,89.5,292.0,330.0
5012,167.234,310,reacquired,70.0,235.0,87.0,124.0,113.5,297.0,734.7
5013,167.267,310,reacquired,75.0,236.0,87.0,122.0,118.5,297.0,149.9
5014,167.300,310,reacquired,77.0,235.0,88.0,113.0,121.0,291.5,181.1
5015,167.334,310,reacquired,79.0,234.0,87.0,125.0,122.5,296.5,156.4
5016,167.367,310,reacquired,84.0,233.0,85.0,126.0,126.5,296.0,120.8
5017,167.401,310,reacquired,84.0,233.0,86.0,126.0,127.0,296.0,15.0
5018,167.434,310,reacquired,84.0,232.0,86.0,128.0,127.0,296.0,0.0
5019,167.467,310,reacquired,86.0,233.0,88.0,127.0,130.0,296.5,91.2
5020,167.501,310,reacquired,87.0,233.0,86.0,127.0,130.0,296.5,0.0
5021,167.534,310,reacquired,92.0,235.0,84.0,125.0,134.0,297.5,123.6
5022,167.567,310,reacquired,95.0,238.0,81.0,122.0,135.5,299.0,63.6
5594,186.653,336,reacquired,56.0,0.0,416.0,358.0,264.0,179.0,0.0
5595,186.686,336,reacquired,74.0,0.0,380.0,350.0,264.0,175.0,119.9
5596,186.720,336,reacquired,80.0,0.0,376.0,348.0,268.0,174.0,123.6
5597,186.753,336,reacquired,75.0,0.0,380.0,350.0,265.0,175.0,94.8
5598,186.787,336,reacquired,81.0,0.0,379.0,349.0,270.5,174.5,165.5
5599,186.820,336,reacquired,84.0,0.0,373.0,351.0,270.5,175.5,30.0
5600,186.853,336,reacquired,77.0,0.0,383.0,354.0,268.5,177.0,74.9
5601,186.887,336,reacquired,80.0,0.0,384.0,350.0,272.0,175.0,120.8
5602,186.920,336,reacquired,84.0,0.0,382.0,354.0,275.0,177.0,108.1
5603,186.953,336,reacquired,81.0,0.0,388.0,352.0,275.0,176.0,30.0
5604,186.987,336,reacquired,83.0,0.0,383.0,352.0,274.5,176.0,15.0
5605,187.020,336,reacquired,82.0,0.0,386.0,352.0,275.0,176.0,15.0
5606,187.054,336,reacquired,81.0,0.0,391.0,353.0,276.5,176.5,47.4
5607,187.087,336,reacquired,87.0,1.0,389.0,351.0,281.5,176.5,149.9
5608,187.120,336,reacquired,87.0,0.0,391.0,350.0,282.5,175.0,54.0
5609,187.154,336,reacquired,89.0,0.0,384.0,350.0,281.0,175.0,45.0
5610,187.187,336,reacquired,88.0,0.0,392.0,353.0,284.0,176.5,100.5
5611,187.220,336,reacquired,88.0,0.0,389.0,349.0,282.5,174.5,74.9
5612,187.254,336,reacquired,86.0,0.0,391.0,350.0,281.5,175.0,33.5
5613,187.287,336,reacquired,88.0,0.0,388.0,349.0,282.0,174.5,21.2
5614,187.320,336,reacquired,89.0,0.0,393.0,352.0,285.5,176.0,114.1
5615,187.354,336,reacquired,96.0,0.0,386.0,351.0,289.0,175.5,106.0
5616,187.387,336,reacquired,93.0,0.0,390.0,353.0,288.0,176.5,42.4
5617,187.421,336,reacquired,95.0,0.0,388.0,352.0,289.0,176.0,33.5
5618,187.454,336,reacquired,98.0,0.0,384.0,349.0,290.0,174.5,54.0
5619,187.487,336,locked,90.0,0.0,395.0,352.0,287.5,176.0,87.4
5620,187.521,336,locked,96.0,0.0,389.0,352.0,290.5,176.0,89.9
5621,187.554,336,locked,89.0,0.0,393.0,354.0,285.5,177.0,152.8
5622,187.587,336,locked,89.0,0.0,396.0,351.0,287.0,175.5,63.6
5623,187.621,336,locked,83.0,0.0,400.0,352.0,283.0,176.0,120.8
5624,187.654,336,locked,94.0,0.0,386.0,354.0,287.0,177.0,123.6
5625,187.688,336,locked,86.0,0.0,393.0,355.0,282.5,177.5,135.7
5626,187.721,336,locked,93.0,0.0,384.0,354.0,285.0,177.0,76.4
5627,187.754,336,locked,88.0,0.0,397.0,352.0,286.5,176.0,54.0
5628,187.788,336,locked,96.0,0.0,384.0,353.0,288.0,176.5,47.4
5629,187.821,336,locked,85.0,0.0,390.0,355.0,280.0,177.5,241.6
5630,187.854,336,locked,88.0,0.0,391.0,355.0,283.5,177.5,104.9
5631,187.888,336,locked,86.0,0.0,392.0,358.0,282.0,179.0,63.6
5632,187.921,336,locked,90.0,0.0,388.0,355.0,284.0,177.5,74.9
5633,187.954,336,locked,88.0,0.0,391.0,353.0,283.5,176.5,33.5
5634,187.988,336,locked,91.0,0.0,390.0,354.0,286.0,177.0,76.4
5635,188.021,336,locked,91.0,0.0,387.0,353.0,284.5,176.5,47.4
5636,188.055,336,locked,90.0,0.0,389.0,352.0,284.5,176.0,15.0
5637,188.088,336,locked,89.0,0.0,389.0,354.0,283.5,177.0,42.4
5638,188.121,336,locked,84.0,0.0,392.0,354.0,280.0,177.0,104.9
5639,188.155,336,locked,88.0,0.0,383.0,354.0,279.5,177.0,15.0
5640,188.188,336,locked,84.0,0.0,388.0,358.0,278.0,179.0,74.9
5641,188.221,336,locked,82.0,0.0,388.0,357.0,276.0,178.5,61.8
5642,188.255,336,locked,80.0,0.0,392.0,354.0,276.0,177.0,45.0
5643,188.288,336,locked,76.0,0.0,392.0,352.0,272.0,176.0,123.6
5644,188.321,336,locked,74.0,0.0,392.0,351.0,270.0,175.5,61.8
5645,188.355,336,locked,75.0,0.0,391.0,355.0,270.5,177.5,61.8
5646,188.388,336,locked,78.0,0.0,385.0,353.0,270.5,176.5,30.0
5647,188.422,336,locked,71.0,0.0,395.0,350.0,268.5,175.0,74.9
5648,188.455,336,locked,77.0,0.0,384.0,354.0,269.0,177.0,61.8
5649,188.488,336,locked,73.0,0.0,392.0,352.0,269.0,176.0,30.0
5650,188.522,336,locked,75.0,0.0,388.0,351.0,269.0,175.5,15.0
5651,188.555,336,locked,75.0,0.0,391.0,356.0,270.5,178.0,87.4
5652,188.588,336,locked,73.0,0.0,389.0,354.0,267.5,177.0,94.8
5653,188.622,336,locked,76.0,0.0,385.0,350.0,268.5,175.0,67.0
5654,188.655,336,locked,78.0,0.0,382.0,354.0,269.0,177.0,61.8
5655,188.689,336,locked,78.0,0.0,381.0,351.0,268.5,175.5,47.4
5656,188.722,336,locked,74.0,0.0,385.0,349.0,266.5,174.5,67.0
5657,188.755,336,locked,76.0,0.0,383.0,351.0,267.5,175.5,42.4
5658,188.789,336,locked,74.0,0.0,382.0,351.0,265.0,175.5,74.9
5659,188.822,336,locked,72.0,0.0,381.0,351.0,262.5,175.5,74.9
5660,188.855,336,locked,69.0,0.0,382.0,352.0,260.0,176.0,76.4
5661,188.889,336,locked,67.0,0.0,383.0,357.0,258.5,178.5,87.4
5662,188.922,336,locked,55.0,0.0,388.0,356.0,249.0,178.0,285.1
5663,188.955,336,locked,57.0,0.0,384.0,360.0,249.0,180.0,59.9
5664,188.989,336,locked,29.0,0.0,410.0,359.0,234.0,179.5,449.8
5665,189.022,336,locked,31.0,0.0,401.0,359.0,231.5,179.5,74.9
5666,189.056,336,locked,0.0,0.0,442.0,358.0,221.0,179.0,315.0
5667,189.089,336,locked,0.0,0.0,439.0,356.0,219.5,178.0,54.0
5668,189.122,336,locked,0.0,0.0,436.0,360.0,218.0,180.0,74.9
5669,189.156,336,locked,0.0,0.0,436.0,360.0,218.0,180.0,0.0
5670,189.189,336,locked,0.0,0.0,436.0,356.0,218.0,178.0,59.9
5671,189.222,336,locked,0.0,0.0,435.0,360.0,217.5,180.0,61.8
5672,189.256,336,locked,0.0,0.0,436.0,360.0,218.0,180.0,15.0
5673,189.289,336,locked,0.0,0.0,435.0,356.0,217.5,178.0,61.8
5674,189.322,336,locked,0.0,0.0,438.0,357.0,219.0,178.5,47.4
5675,189.356,336,locked,0.0,0.0,443.0,358.0,221.5,179.0,76.4
5676,189.389,336,locked,0.0,0.0,434.0,360.0,217.0,180.0,138.2
5677,189.423,336,locked,0.0,0.0,433.0,357.0,216.5,178.5,47.4
5678,189.456,336,locked,0.0,0.0,436.0,358.0,218.0,179.0,47.4
5679,189.489,336,locked,2.0,0.0,435.0,360.0,219.5,180.0,54.0
5680,189.523,336,locked,0.0,0.0,441.0,360.0,220.5,180.0,30.0
5681,189.556,336,locked,0.0,0.0,441.0,360.0,220.5,180.0,0.0
5682,189.589,336,locked,0.0,0.0,440.0,360.0,220.0,180.0,15.0
5683,189.623,336,locked,1.0,0.0,440.0,356.0,221.0,178.0,67.0
5684,189.656,336,locked,0.0,0.0,439.0,360.0,219.5,180.0,74.9
5685,189.690,336,locked,1.0,0.0,437.0,356.0,219.5,178.0,59.9
5686,189.723,336,locked,0.0,0.0,440.0,359.0,220.0,179.5,47.4
5687,189.756,336,locked,1.0,0.0,437.0,356.0,219.5,178.0,47.4
5688,189.790,336,locked,0.0,0.0,440.0,360.0,220.0,180.0,61.8
5689,189.823,336,locked,0.0,0.0,444.0,360.0,222.0,180.0,59.9
5690,189.856,336,locked,0.0,0.0,451.0,357.0,225.5,178.5,114.1
5691,189.890,336,locked,0.0,0.0,451.0,360.0,225.5,180.0,45.0
5692,189.923,336,locked,0.0,0.0,453.0,357.0,226.5,178.5,54.0
5693,189.956,336,locked,0.0,0.0,460.0,360.0,230.0,180.0,114.1
5694,189.990,336,locked,0.0,0.0,455.0,356.0,227.5,178.0,96.0
5695,190.023,336,locked,0.0,0.0,464.0,360.0,232.0,180.0,147.6
5696,190.057,336,locked,0.0,0.0,462.0,359.0,231.0,179.5,33.5
5697,190.090,336,locked,0.0,0.0,467.0,360.0,233.5,180.0,76.4
5698,190.123,336,locked,0.0,0.0,465.0,360.0,232.5,180.0,30.0
5699,190.157,336,locked,0.0,0.0,467.0,360.0,233.5,180.0,30.0
5700,190.190,336,locked,0.0,0.0,467.0,357.0,233.5,178.5,45.0
5701,190.223,336,locked,0.0,0.0,469.0,360.0,234.5,180.0,54.0
5702,190.257,336,locked,0.0,0.0,469.0,359.0,234.5,179.5,15.0
5703,190.290,336,locked,0.0,0.0,470.0,357.0,235.0,178.5,33.5
5704,190.323,336,locked,55.0,0.0,394.0,358.0,252.0,179.0,509.7
5705,190.357,336,locked,57.0,0.0,400.0,360.0,257.0,180.0,152.8
5706,190.390,336,locked,54.0,0.0,406.0,360.0,257.0,180.0,0.0
5707,190.424,336,locked,48.0,0.0,409.0,358.0,252.5,179.0,138.2
5708,190.457,336,locked,51.0,0.0,405.0,357.0,253.5,178.5,33.5
5709,190.490,336,locked,51.0,0.0,401.0,357.0,251.5,178.5,59.9
5710,190.524,336,locked,53.0,0.0,399.0,360.0,252.5,180.0,54.0
5711,190.557,336,locked,48.0,0.0,406.0,358.0,251.0,179.0,54.0
5712,190.590,336,locked,52.0,0.0,390.0,359.0,247.0,179.5,120.8
5713,190.624,336,locked,72.0,0.0,357.0,353.0,250.5,176.5,138.2
5714,190.657,336,locked,88.0,0.0,333.0,351.0,254.5,175.5,123.6
5715,190.691,336,locked,88.0,0.0,338.0,354.0,257.0,177.0,87.4
5716,190.724,336,locked,90.0,0.0,333.0,356.0,256.5,178.0,33.5
5717,190.757,336,locked,91.0,0.0,330.0,355.0,256.0,177.5,21.2
5718,190.791,336,locked,90.0,0.0,330.0,353.0,255.0,176.5,42.4
5719,190.824,336,locked,89.0,0.0,331.0,356.0,254.5,178.0,47.4
5720,190.857,336,locked,89.0,0.0,328.0,353.0,253.0,176.5,63.6
5721,190.891,336,locked,89.0,0.0,330.0,357.0,254.0,178.5,67.0
5722,190.924,336,locked,83.0,0.0,323.0,351.0,244.5,175.5,298.6
5723,190.957,336,locked,88.0,0.0,326.0,354.0,251.0,177.0,199.9
5724,190.991,336,locked,84.0,0.0,325.0,356.0,246.5,178.0,138.2
5725,191.024,336,locked,81.0,0.0,325.0,354.0,243.5,177.0,94.8
5726,191.058,336,locked,80.0,0.0,330.0,355.0,245.0,177.5,47.4
5727,191.091,336,locked,76.0,0.0,325.0,353.0,238.5,176.5,197.1
5728,191.124,336,locked,84.0,0.0,314.0,355.0,241.0,177.5,80.7
5729,191.158,336,locked,100.0,1.0,295.0,349.0,247.5,175.5,203.8
5730,191.191,336,locked,120.0,7.0,266.0,339.0,253.0,176.5,167.5
5731,191.224,336,locked,138.0,18.0,244.0,303.0,260.0,169.5,296.7
5732,191.258,336,locked,114.0,35.0,261.0,273.0,244.5,171.5,468.4
5733,191.291,336,locked,124.0,18.0,244.0,280.0,246.0,158.0,407.1
5734,191.324,336,locked,117.0,18.0,248.0,272.0,241.0,154.0,191.9
5735,191.358,336,locked,124.0,9.0,242.0,280.0,245.0,149.0,191.9
5736,191.391,336,locked,182.0,69.0,185.0,223.0,274.5,180.5,1293.4
5737,191.425,336,locked,168.0,0.0,200.0,293.0,268.0,146.5,1037.4
5738,191.458,336,locked,184.0,61.0,187.0,234.0,277.5,178.0,986.1
5739,191.491,336,locked,192.0,69.0,183.0,228.0,283.5,183.0,234.1
5740,191.525,336,locked,195.0,76.0,181.0,224.0,285.5,188.0,161.4
5741,191.558,336,locked,200.0,72.0,178.0,228.0,289.0,186.0,120.8
5742,191.591,336,locked,202.0,77.0,176.0,224.0,290.0,189.0,94.8
5743,191.625,336,locked,202.0,75.0,176.0,226.0,290.0,188.0,30.0
5744,191.658,336,locked,201.0,75.0,177.0,226.0,289.5,188.0,15.0
5745,191.691,336,locked,204.0,78.0,175.0,222.0,291.5,189.0,67.0
5746,191.725,336,locked,202.0,79.0,177.0,221.0,290.5,189.5,33.5
5747,191.758,336,locked,201.0,75.0,176.0,226.0,289.0,188.0,63.6
5748,191.792,336,locked,201.0,78.0,176.0,224.0,289.0,190.0,59.9
5749,191.825,336,locked,200.0,80.0,176.0,222.0,288.0,191.0,42.4
5750,191.858,336,locked,199.0,77.0,177.0,224.0,287.5,189.0,61.8
5751,191.892,336,locked,198.0,79.0,177.0,221.0,286.5,189.5,33.5
5752,191.925,336,locked,196.0,80.0,177.0,220.0,284.5,190.0,61.8
5753,191.958,336,locked,195.0,80.0,176.0,222.0,283.0,191.0,54.0
5754,191.992,336,locked,195.0,80.0,177.0,223.0,283.5,191.5,21.2
5755,192.025,336,locked,193.0,81.0,177.0,222.0,281.5,192.0,61.8
5756,192.059,336,locked,192.0,81.0,175.0,219.0,279.5,190.5,74.9
5757,192.092,336,locked,190.0,82.0,177.0,221.0,278.5,192.5,67.0
5758,192.125,336,locked,188.0,83.0,176.0,220.0,276.0,193.0,76.4
5759,192.159,336,locked,185.0,82.0,178.0,221.0,274.0,192.5,61.8
5760,192.192,336,locked,185.0,83.0,176.0,220.0,273.0,193.0,33.5
5761,192.225,336,locked,186.0,85.0,174.0,220.0,273.0,195.0,59.9
5762,192.259,336,locked,188.0,86.0,179.0,216.0,277.5,194.0,138.2
5763,192.292,336,locked,193.0,87.0,178.0,217.0,282.0,195.5,142.2
5764,192.325,336,locked,197.0,87.0,177.0,220.0,285.5,197.0,114.1
5765,192.359,336,locked,203.0,88.0,179.0,218.0,292.5,197.0,209.8
5766,192.392,336,locked,208.0,86.0,177.0,220.0,296.5,196.0,123.6
5767,192.426,336,locked,214.0,88.0,178.0,218.0,303.0,197.0,197.1
5768,192.459,336,locked,221.0,86.0,176.0,220.0,309.0,196.0,182.3
5769,192.492,336,locked,224.0,85.0,172.0,222.0,310.0,196.0,30.0
5770,192.526,336,locked,228.0,89.0,174.0,217.0,315.0,197.5,156.4
5771,192.559,336,locked,230.0,85.0,173.0,224.0,316.5,197.0,47.4
5772,192.592,336,locked,230.0,88.0,173.0,221.0,316.5,198.5,45.0
5773,192.626,336,locked,231.0,89.0,173.0,221.0,317.5,199.5,42.4
5774,192.659,336,locked,232.0,86.0,173.0,224.0,318.5,198.0,54.0
5775,192.692,336,locked,233.0,91.0,173.0,219.0,319.5,200.5,80.7
5776,192.726,336,locked,232.0,92.0,174.0,219.0,319.0,201.5,33.5
5777,192.759,336,locked,232.0,86.0,173.0,224.0,318.5,198.0,106.0
5778,192.793,336,locked,233.0,90.0,171.0,217.0,318.5,198.5,15.0
5779,192.826,336,locked,230.0,85.0,172.0,220.0,316.0,195.0,128.9
5780,192.859,336,locked,229.0,81.0,172.0,220.0,315.0,191.0,123.6
5781,192.893,336,locked,226.0,79.0,174.0,219.0,313.0,188.5,96.0
5782,192.926,336,locked,225.0,73.0,174.0,224.0,312.0,185.0,109.1
5783,192.959,336,locked,227.0,73.0,171.0,221.0,312.5,183.5,47.4
5784,192.993,336,locked,225.0,69.0,171.0,223.0,310.5,180.5,108.1
5785,193.026,336,locked,225.0,72.0,169.0,218.0,309.5,181.0,33.5
5786,193.060,336,locked,224.0,70.0,169.0,220.0,308.5,180.0,42.4
5787,193.093,336,locked,221.0,73.0,170.0,215.0,306.0,180.5,76.4
5788,193.126,336,locked,219.0,73.0,171.0,216.0,304.5,181.0,47.4
5789,193.160,336,locked,220.0,72.0,167.0,217.0,303.5,180.5,33.5
5790,193.193,336,locked,223.0,80.0,160.0,204.0,303.0,182.0,47.4
5791,193.226,336,locked,230.0,87.0,149.0,191.0,304.5,182.5,47.4
5792,193.260,336,locked,236.0,94.0,137.0,178.0,304.5,183.0,15.0
5793,193.293,336,locked,239.0,100.0,130.0,166.0,304.0,183.0,15.0
5794,193.326,336,locked,221.0,93.0,143.0,168.0,292.5,177.0,388.7
5795,193.360,336,locked,226.0,91.0,137.0,166.0,294.5,174.0,108.1
5796,193.393,336,locked,241.0,91.0,121.0,167.0,301.5,174.5,210.3
5797,193.427,336,locked,220.0,92.0,141.0,166.0,290.5,175.0,330.0
5798,193.460,336,locked,240.0,67.0,120.0,193.0,300.0,163.5,447.0
5799,193.493,336,locked,244.0,116.0,114.0,143.0,301.0,187.5,719.9
5800,193.527,336,locked,243.0,116.0,114.0,145.0,300.0,188.5,42.4
5801,193.560,336,locked,240.0,114.0,117.0,148.0,298.5,188.0,47.4
5802,193.593,336,locked,244.0,116.0,111.0,145.0,299.5,188.5,33.5
5803,193.627,336,locked,243.0,116.0,113.0,145.0,299.5,188.5,0.0
5804,193.660,336,locked,244.0,114.0,110.0,143.0,299.0,185.5,91.2
5805,193.694,336,locked,243.0,110.0,110.0,145.0,298.0,182.5,94.8
5806,193.727,336,locked,242.0,107.0,111.0,146.0,297.5,180.0,76.4
5807,193.760,336,locked,241.0,103.0,111.0,146.0,296.5,176.0,123.6
5808,193.794,336,locked,240.0,99.0,111.0,147.0,295.5,172.5,109.1
5809,193.827,336,locked,238.0,97.0,111.0,145.0,293.5,169.5,108.1
5810,193.860,336,locked,238.0,96.0,110.0,145.0,293.0,168.5,33.5
5811,193.894,336,locked,237.0,94.0,110.0,144.0,292.0,166.0,80.7
5812,193.927,336,locked,237.0,93.0,109.0,142.0,291.5,164.0,61.8
5813,193.960,336,locked,234.0,90.0,111.0,145.0,289.5,162.5,74.9
5814,193.994,336,locked,233.0,91.0,110.0,142.0,288.0,162.0,47.4
5815,194.027,336,locked,232.0,91.0,110.0,141.0,287.0,161.5,33.5
5816,194.061,336,locked,231.0,88.0,110.0,145.0,286.0,160.5,42.4
5817,194.094,336,locked,232.0,89.0,109.0,142.0,286.5,160.0,21.2
5818,194.127,336,locked,231.0,86.0,110.0,146.0,286.0,159.0,33.5
5819,194.161,336,locked,233.0,88.0,110.0,143.0,288.0,159.5,61.8
5820,194.194,336,locked,234.0,85.0,111.0,145.0,289.5,157.5,74.9
5821,194.227,336,locked,238.0,84.0,110.0,142.0,293.0,155.0,128.9
5822,194.261,336,locked,241.0,81.0,111.0,146.0,296.5,154.0,109.1
5823,194.294,336,locked,245.0,80.0,111.0,146.0,300.5,153.0,123.6
5824,194.327,336,locked,250.0,83.0,110.0,140.0,305.0,153.0,134.9
5825,194.361,336,locked,253.0,81.0,108.0,143.0,307.0,152.5,61.8
5826,194.394,336,locked,255.0,82.0,109.0,141.0,309.5,152.5,74.9
5827,194.428,336,locked,256.0,80.0,110.0,142.0,311.0,151.0,63.6
5828,194.461,336,locked,257.0,81.0,108.0,140.0,311.0,151.0,0.0
5829,194.494,336,locked,258.0,78.0,107.0,143.0,311.5,149.5,47.4
5830,194.528,336,locked,256.0,80.0,108.0,140.0,310.0,150.0,47.4
5831,194.561,336,locked,256.0,79.0,108.0,141.0,310.0,149.5,15.0
5832,194.594,336,locked,255.0,80.0,107.0,139.0,308.5,149.5,45.0
5833,194.628,336,locked,255.0,80.0,106.0,139.0,308.0,149.5,15.0
5834,194.661,336,locked,254.0,77.0,107.0,142.0,307.5,148.0,47.4
5835,194.695,336,locked,253.0,79.0,107.0,140.0,306.5,149.0,42.4
5836,194.728,336,locked,252.0,80.0,107.0,139.0,305.5,149.5,33.5
5837,194.761,336,locked,251.0,75.0,107.0,145.0,304.5,147.5,67.0
5838,194.795,336,locked,249.0,77.0,107.0,142.0,302.5,148.0,61.8
5839,194.828,336,locked,249.0,75.0,107.0,144.0,302.5,147.0,30.0
5840,194.861,336,locked,248.0,79.0,106.0,139.0,301.0,148.5,63.6
5841,194.895,336,locked,245.0,76.0,108.0,142.0,299.0,147.0,74.9
5842,194.928,336,locked,245.0,78.0,106.0,139.0,298.0,147.5,33.5
5843,194.961,336,locked,243.0,76.0,108.0,141.0,297.0,146.5,42.4
5844,194.995,336,locked,243.0,77.0,106.0,139.0,296.0,146.5,30.0
5845,195.028,336,locked,242.0,76.0,106.0,141.0,295.0,146.5,30.0
5846,195.062,336,locked,242.0,77.0,107.0,141.0,295.5,147.5,33.5
5847,195.095,336,locked,245.0,80.0,109.0,139.0,299.5,149.5,134.0
5848,195.128,336,locked,247.0,80.0,106.0,140.0,300.0,150.0,21.2
5849,195.162,336,locked,247.0,81.0,109.0,139.0,301.5,150.5,47.4
5850,195.195,336,locked,249.0,82.0,105.0,139.0,301.5,151.5,30.0
5851,195.228,336,locked,249.0,83.0,108.0,138.0,303.0,152.0,47.4
5852,195.262,336,locked,250.0,81.0,106.0,141.0,303.0,151.5,15.0
5853,195.295,336,locked,249.0,83.0,105.0,138.0,301.5,152.0,47.4
5854,195.328,336,locked,248.0,83.0,105.0,138.0,300.5,152.0,30.0
5855,195.362,336,locked,247.0,83.0,105.0,137.0,299.5,151.5,33.5
5856,195.395,336,locked,246.0,83.0,105.0,138.0,298.5,152.0,33.5
5857,195.429,336,locked,245.0,83.0,105.0,138.0,297.5,152.0,30.0
5858,195.462,336,locked,243.0,84.0,102.0,126.0,294.0,147.0,182.9
5859,195.495,336,locked,243.0,84.0,102.0,127.0,294.0,147.5,15.0
5860,195.529,336,locked,244.0,85.0,101.0,124.0,294.5,147.0,21.2
5861,195.562,336,locked,243.0,84.0,102.0,127.0,294.0,147.5,21.2
5862,195.595,336,locked,244.0,85.0,100.0,123.0,294.0,146.5,30.0
5863,195.629,336,locked,243.0,84.0,101.0,127.0,293.5,147.5,33.5
5864,195.662,336,locked,244.0,85.0,100.0,124.0,294.0,147.0,21.2
5865,195.696,336,locked,245.0,85.0,99.0,125.0,294.5,147.5,21.2
5866,195.729,336,locked,245.0,85.0,99.0,125.0,294.5,147.5,0.0
5867,195.762,336,locked,244.0,85.0,100.0,124.0,294.0,147.0,21.2
5868,195.796,336,locked,245.0,85.0,99.0,125.0,294.5,147.5,21.2
5869,195.829,336,locked,245.0,85.0,99.0,126.0,294.5,148.0,15.0
5870,195.862,336,locked,245.0,85.0,99.0,125.0,294.5,147.5,15.0
5871,195.896,336,locked,244.0,86.0,100.0,124.0,294.0,148.0,21.2
5872,195.929,336,locked,244.0,85.0,101.0,126.0,294.5,148.0,15.0
5873,195.962,336,locked,244.0,86.0,100.0,125.0,294.0,148.5,21.2
5874,195.996,336,locked,245.0,86.0,99.0,125.0,294.5,148.5,15.0
5875,196.029,336,locked,245.0,85.0,100.0,126.0,295.0,148.0,21.2
5876,196.063,336,locked,245.0,85.0,100.0,125.0,295.0,147.5,15.0
5877,196.096,336,locked,245.0,86.0,100.0,125.0,295.0,148.5,30.0
5878,196.129,336,locked,245.0,86.0,99.0,124.0,294.5,148.0,21.2
5879,196.163,336,locked,246.0,85.0,100.0,125.0,296.0,147.5,47.4
5880,196.196,336,locked,246.0,85.0,99.0,125.0,295.5,147.5,15.0
5881,196.229,336,locked,245.0,85.0,100.0,125.0,295.0,147.5,15.0
5882,196.263,336,locked,246.0,86.0,100.0,125.0,296.0,148.5,42.4
5883,196.296,336,locked,245.0,86.0,100.0,125.0,295.0,148.5,30.0
5884,196.329,336,locked,245.0,86.0,100.0,124.0,295.0,148.0,15.0
5885,196.363,336,locked,245.0,86.0,101.0,125.0,295.5,148.5,21.2
5886,196.396,336,locked,245.0,86.0,100.0,126.0,295.0,149.0,21.2
5887,196.430,336,locked,246.0,86.0,99.0,124.0,295.5,148.0,33.5
5888,196.463,336,locked,246.0,86.0,100.0,124.0,296.0,148.0,15.0
5889,196.496,336,locked,245.0,86.0,100.0,125.0,295.0,148.5,33.5
5890,196.530,336,locked,245.0,86.0,100.0,125.0,295.0,148.5,0.0
5891,196.563,336,locked,246.0,86.0,100.0,125.0,296.0,148.5,30.0
5892,196.596,336,locked,245.0,85.0,99.0,125.0,294.5,147.5,54.0
5893,196.630,336,locked,245.0,86.0,99.0,125.0,294.5,148.5,30.0
5894,196.663,336,locked,244.0,86.0,101.0,126.0,294.5,149.0,15.0
5895,196.697,336,locked,245.0,87.0,101.0,125.0,295.5,149.5,33.5
5896,196.730,336,locked,244.0,86.0,101.0,126.0,294.5,149.0,33.5
5897,196.763,336,locked,244.0,86.0,100.0,125.0,294.0,148.5,21.2
5898,196.797,336,locked,244.0,86.0,99.0,126.0,293.5,149.0,21.2
5899,196.830,336,locked,245.0,87.0,98.0,125.0,294.0,149.5,21.2
5900,196.863,336,locked,245.0,85.0,99.0,126.0,294.5,148.0,47.4
5901,196.897,336,locked,246.0,86.0,99.0,125.0,295.5,148.5,33.5
5902,196.930,336,locked,246.0,86.0,99.0,125.0,295.5,148.5,0.0
5903,196.963,336,locked,247.0,86.0,98.0,125.0,296.0,148.5,15.0
5904,196.997,336,locked,246.0,87.0,98.0,125.0,295.0,149.5,42.4
5905,197.030,336,locked,245.0,86.0,100.0,125.0,295.0,148.5,30.0
5906,197.064,336,locked,246.0,87.0,99.0,125.0,295.5,149.5,33.5
5907,197.097,336,locked,244.0,87.0,100.0,125.0,294.0,149.5,45.0
5908,197.130,336,locked,244.0,87.0,100.0,125.0,294.0,149.5,0.0
5909,197.164,336,locked,245.0,88.0,99.0,125.0,294.5,150.5,33.5
5910,197.197,336,locked,243.0,86.0,100.0,125.0,293.0,148.5,74.9
5911,197.230,336,locked,245.0,87.0,99.0,125.0,294.5,149.5,54.0
5912,197.264,336,locked,245.0,87.0,99.0,125.0,294.5,149.5,0.0
5913,197.297,336,locked,245.0,86.0,99.0,126.0,294.5,149.0,15.0
5914,197.330,336,locked,246.0,88.0,98.0,124.0,295.0,150.0,33.5
5915,197.364,336,locked,247.0,88.0,97.0,125.0,295.5,150.5,21.2
5916,197.397,336,locked,245.0,87.0,99.0,126.0,294.5,150.0,33.5
5917,197.431,336,locked,246.0,87.0,98.0,125.0,295.0,149.5,21.2
5918,197.464,336,locked,247.0,88.0,97.0,125.0,295.5,150.5,33.5
5919,197.497,336,locked,247.0,87.0,97.0,126.0,295.5,150.0,15.0
5920,197.531,336,locked,248.0,87.0,96.0,126.0,296.0,150.0,15.0
5921,197.564,336,locked,249.0,87.0,94.0,125.0,296.0,149.5,15.0
5922,197.597,336,locked,248.0,87.0,95.0,125.0,295.5,149.5,15.0
5923,197.631,336,locked,249.0,89.0,95.0,124.0,296.5,151.0,54.0
5924,197.664,336,locked,249.0,88.0,95.0,125.0,296.5,150.5,15.0
5925,197.697,336,locked,249.0,88.0,95.0,125.0,296.5,150.5,0.0
5926,197.731,336,locked,249.0,88.0,95.0,125.0,296.5,150.5,0.0
5927,197.764,336,locked,249.0,87.0,95.0,125.0,296.5,149.5,30.0
5928,197.798,336,locked,250.0,87.0,94.0,126.0,297.0,150.0,21.2
5929,197.831,336,locked,249.0,88.0,95.0,125.0,296.5,150.5,21.2
5930,197.864,336,locked,249.0,89.0,95.0,124.0,296.5,151.0,15.0
5931,197.898,336,locked,250.0,88.0,96.0,126.0,298.0,151.0,45.0
5932,197.931,336,locked,248.0,89.0,97.0,125.0,296.5,151.5,47.4
5933,197.964,336,locked,250.0,89.0,94.0,125.0,297.0,151.5,15.0
5934,197.998,336,locked,249.0,88.0,96.0,125.0,297.0,150.5,30.0
5935,198.031,336,locked,249.0,88.0,95.0,125.0,296.5,150.5,15.0
5936,198.065,336,locked,250.0,89.0,94.0,124.0,297.0,151.0,21.2
5937,198.098,336,locked,249.0,88.0,97.0,126.0,297.5,151.0,15.0
5938,198.131,336,locked,249.0,88.0,96.0,125.0,297.0,150.5,21.2
5939,198.165,336,locked,250.0,88.0,96.0,126.0,298.0,151.0,33.5
5940,198.198,336,locked,249.0,90.0,95.0,123.0,296.5,151.5,47.4
5941,198.231,336,locked,250.0,89.0,95.0,124.0,297.5,151.0,33.5
5942,198.265,336,locked,250.0,89.0,95.0,125.0,297.5,151.5,15.0
5943,198.298,336,locked,249.0,88.0,97.0,125.0,297.5,150.5,30.0
5944,198.331,336,locked,250.0,90.0,95.0,124.0,297.5,152.0,45.0
5945,198.365,336,locked,250.0,89.0,96.0,124.0,298.0,151.0,33.5
5946,198.398,336,locked,250.0,89.0,96.0,124.0,298.0,151.0,0.0
5947,198.432,336,locked,251.0,89.0,94.0,125.0,298.0,151.5,15.0
5948,198.465,336,locked,252.0,89.0,93.0,125.0,298.5,151.5,15.0
5949,198.498,336,locked,252.0,89.0,93.0,125.0,298.5,151.5,0.0
5950,198.532,336,locked,253.0,89.0,92.0,125.0,299.0,151.5,15.0
5951,198.565,336,locked,253.0,90.0,92.0,124.0,299.0,152.0,15.0
5952,198.598,336,locked,254.0,89.0,91.0,126.0,299.5,152.0,15.0
5953,198.632,336,locked,258.0,103.0,87.0,111.0,301.5,158.5,203.8
5954,198.665,336,locked,254.0,90.0,91.0,125.0,299.5,152.5,189.5
5955,198.698,336,locked,255.0,91.0,89.0,123.0,299.5,152.5,0.0
5956,198.732,336,uncertain,255.0,91.0,89.0,123.0,299.5,152.5,0.0
5957,198.765,336,uncertain,255.0,91.0,89.0,123.0,299.5,152.5,0.0
5958,198.799,336,uncertain,255.0,91.0,89.0,123.0,299.5,152.5,0.0
5959,198.832,336,uncertain,255.0,91.0,89.0,123.0,299.5,152.5,0.0
5960,198.865,336,uncertain,255.0,91.0,89.0,123.0,299.5,152.5,0.0
5961,198.899,336,uncertain,255.0,91.0,89.0,123.0,299.5,152.5,0.0
5962,198.932,336,uncertain,255.0,91.0,89.0,123.0,299.5,152.5,0.0
5963,198.965,336,uncertain,255.0,91.0,89.0,123.0,299.5,152.5,0.0
5964,198.999,336,uncertain,255.0,91.0,89.0,123.0,299.5,152.5,0.0
5965,199.032,336,uncertain,255.0,91.0,89.0,123.0,299.5,152.5,0.0
5966,199.066,336,uncertain,255.0,91.0,89.0,123.0,299.5,152.5,0.0
5967,199.099,336,uncertain,255.0,91.0,89.0,123.0,299.5,152.5,0.0
6147,205.105,366,reacquired,378.0,112.0,56.0,74.0,406.0,149.0,0.0
6148,205.138,366,reacquired,378.0,112.0,54.0,77.0,405.0,150.5,54.0
6149,205.172,366,reacquired,379.0,112.0,53.0,76.0,405.5,150.0,21.2
6150,205.205,366,reacquired,376.0,112.0,53.0,75.0,402.5,149.5,91.2
6151,205.238,366,reacquired,372.0,114.0,54.0,75.0,399.0,151.5,120.8
6152,205.272,366,reacquired,365.0,118.0,54.0,74.0,392.0,155.0,234.6
6153,205.305,366,reacquired,358.0,122.0,54.0,75.0,385.0,159.5,249.4
6154,205.338,366,reacquired,351.0,127.0,54.0,76.0,378.0,165.0,266.8
6155,205.372,366,reacquired,343.0,134.0,53.0,75.0,369.5,171.5,320.7
6156,205.405,366,reacquired,335.0,139.0,53.0,75.0,361.5,176.5,282.7
6157,205.439,366,reacquired,328.0,144.0,54.0,75.0,355.0,181.5,245.8
6158,205.472,366,reacquired,322.0,149.0,54.0,74.0,349.0,186.0,224.8
6159,205.505,366,reacquired,317.0,153.0,56.0,75.0,345.0,190.5,180.4
6160,205.539,366,reacquired,314.0,156.0,55.0,75.0,341.5,193.5,138.2
6161,205.572,366,reacquired,313.0,160.0,53.0,75.0,339.5,197.5,134.0
6162,205.605,366,reacquired,310.0,162.0,53.0,75.0,336.5,199.5,108.1
6163,205.639,366,reacquired,309.0,164.0,53.0,75.0,335.5,201.5,67.0
6164,205.672,366,reacquired,306.0,165.0,54.0,76.0,333.0,203.0,87.4
6165,205.706,366,reacquired,305.0,166.0,54.0,75.0,332.0,203.5,33.5
6166,205.739,366,reacquired,304.0,167.0,54.0,73.0,331.0,203.5,30.0
6167,205.772,366,reacquired,303.0,168.0,54.0,74.0,330.0,205.0,54.0
6168,205.806,366,reacquired,303.0,168.0,54.0,74.0,330.0,205.0,0.0
6169,205.839,366,reacquired,300.0,169.0,55.0,73.0,327.5,205.5,76.4
6170,205.872,366,reacquired,300.0,169.0,53.0,75.0,326.5,206.5,42.4
6171,205.906,366,reacquired,298.0,169.0,54.0,74.0,325.0,206.0,47.4
6172,205.939,366,locked,296.0,170.0,55.0,74.0,323.5,207.0,54.0
6173,205.972,366,locked,296.0,169.0,54.0,74.0,323.0,206.0,33.5
6174,206.006,366,locked,295.0,171.0,54.0,74.0,322.0,208.0,67.0
6175,206.039,366,locked,294.0,170.0,54.0,75.0,321.0,207.5,33.5
6176,206.073,366,locked,294.0,170.0,54.0,75.0,321.0,207.5,0.0
6177,206.106,366,locked,293.0,169.0,54.0,76.0,320.0,207.0,33.5
6178,206.139,366,locked,292.0,168.0,54.0,75.0,319.0,205.5,54.0
6179,206.173,366,locked,292.0,166.0,54.0,75.0,319.0,203.5,59.9
6180,206.206,366,locked,292.0,163.0,54.0,75.0,319.0,200.5,89.9
6181,206.239,366,locked,291.0,159.0,55.0,75.0,318.5,196.5,120.8
6182,206.273,366,locked,291.0,154.0,54.0,76.0,318.0,192.0,135.7
6183,206.306,366,locked,291.0,151.0,53.0,74.0,317.5,188.0,120.8
6184,206.339,366,locked,290.0,142.0,56.0,79.0,318.0,181.5,195.4
6185,206.373,366,locked,286.0,135.0,62.0,85.0,317.0,177.5,123.6
6186,206.406,366,locked,282.0,130.0,66.0,90.0,315.0,175.0,96.0
6187,206.440,366,locked,279.0,123.0,72.0,96.0,315.0,171.0,119.9
6188,206.473,366,locked,277.0,116.0,76.0,103.0,315.0,167.5,104.9
6189,206.506,366,locked,273.0,108.0,82.0,114.0,314.0,165.0,80.7
6190,206.540,366,locked,270.0,101.0,89.0,120.0,314.5,161.0,120.8
6191,206.573,366,locked,265.0,91.0,96.0,131.0,313.0,156.5,142.2
6192,206.606,366,locked,260.0,82.0,105.0,142.0,312.5,153.0,106.0
6193,206.640,366,locked,255.0,73.0,113.0,155.0,311.5,150.5,80.7
6194,206.673,366,locked,251.0,67.0,119.0,162.0,310.5,148.0,80.7
6195,206.707,366,locked,250.0,64.0,121.0,167.0,310.5,147.5,15.0
6196,206.740,366,locked,250.0,63.0,120.0,168.0,310.0,147.0,21.2
6197,206.773,366,locked,250.0,63.0,120.0,169.0,310.0,147.5,15.0
6198,206.807,366,locked,250.0,64.0,120.0,169.0,310.0,148.5,30.0
6199,206.840,366,locked,250.0,63.0,120.0,168.0,310.0,147.0,45.0
6200,206.873,366,locked,250.0,63.0,120.0,169.0,310.0,147.5,15.0
6201,206.907,366,locked,250.0,63.0,121.0,168.0,310.5,147.0,21.2
6202,206.940,366,locked,251.0,64.0,120.0,167.0,311.0,147.5,21.2
6203,206.973,366,locked,251.0,63.0,119.0,168.0,310.5,147.0,21.2
6204,207.007,366,locked,250.0,64.0,120.0,168.0,310.0,148.0,33.5
6205,207.040,366,locked,250.0,64.0,120.0,168.0,310.0,148.0,0.0
6206,207.074,366,locked,250.0,63.0,121.0,168.0,310.5,147.0,33.5
6207,207.107,366,locked,251.0,65.0,121.0,167.0,311.5,148.5,54.0
6208,207.140,366,locked,250.0,65.0,121.0,167.0,310.5,148.5,30.0
6209,207.174,366,locked,250.0,66.0,121.0,167.0,310.5,149.5,30.0
6210,207.207,366,locked,251.0,65.0,120.0,169.0,311.0,149.5,15.0
6211,207.240,366,locked,250.0,65.0,121.0,168.0,310.5,149.0,21.2
6212,207.274,366,locked,250.0,65.0,121.0,169.0,310.5,149.5,15.0
6213,207.307,366,locked,250.0,65.0,121.0,168.0,310.5,149.0,15.0
6214,207.340,366,locked,254.0,78.0,111.0,152.0,309.5,154.0,152.8
6215,207.374,366,locked,261.0,88.0,101.0,140.0,311.5,158.0,134.0
6216,207.407,366,locked,266.0,95.0,93.0,125.0,312.5,157.5,33.5
6217,207.441,366,locked,272.0,101.0,86.0,115.0,315.0,158.5,80.7
6218,207.474,366,locked,277.0,103.0,80.0,109.0,317.0,157.5,67.0
6219,207.507,366,locked,282.0,107.0,75.0,102.0,319.5,158.0,76.4
6220,207.541,366,locked,288.0,110.0,69.0,95.0,322.5,157.5,91.2
6221,207.574,366,locked,292.0,112.0,65.0,88.0,324.5,156.0,74.9
6222,207.607,366,locked,296.0,113.0,61.0,83.0,326.5,154.5,74.9
6223,207.641,366,locked,299.0,117.0,57.0,76.0,327.5,155.0,33.5
6224,207.674,366,locked,302.0,118.0,53.0,73.0,328.5,154.5,33.5
6225,207.708,366,locked,303.0,121.0,50.0,68.0,328.0,155.0,21.2
6226,207.741,366,locked,305.0,124.0,47.0,65.0,328.5,156.5,47.4
6227,207.774,366,locked,306.0,128.0,45.0,61.0,328.5,158.5,59.9
6228,207.808,366,locked,308.0,130.0,41.0,59.0,328.5,159.5,30.0
6229,207.841,366,locked,308.0,132.0,40.0,56.0,328.0,160.0,21.2
6230,207.874,366,locked,309.0,135.0,38.0,53.0,328.0,161.5,45.0
6231,207.908,366,locked,309.0,137.0,36.0,49.0,327.0,161.5,30.0
6232,207.941,366,locked,309.0,139.0,35.0,47.0,326.5,162.5,33.5
6233,207.974,366,locked,311.0,141.0,32.0,45.0,327.0,163.5,33.5
6234,208.008,366,locked,311.0,143.0,30.0,42.0,326.0,164.0,33.5
6235,208.041,366,locked,311.0,145.0,29.0,40.0,325.5,165.0,33.5
6236,208.075,366,locked,312.0,146.0,28.0,39.0,326.0,165.5,21.2
6237,208.108,366,locked,312.0,148.0,26.0,37.0,325.0,166.5,42.4
6238,208.141,366,locked,312.0,150.0,26.0,35.0,325.0,167.5,30.0
6239,208.175,366,locked,313.0,152.0,24.0,34.0,325.0,169.0,45.0
6240,208.208,366,locked,312.0,154.0,24.0,32.0,324.0,170.0,42.4
6241,208.241,366,locked,313.0,155.0,23.0,31.0,324.5,170.5,21.2
6242,208.275,366,locked,312.0,157.0,22.0,29.0,323.0,171.5,54.0
6243,208.308,366,locked,313.0,158.0,21.0,28.0,323.5,172.0,21.2
6244,208.341,366,locked,313.0,161.0,20.0,26.0,323.0,174.0,61.8
6245,208.375,366,locked,313.0,161.0,20.0,25.0,323.0,173.5,15.0
6246,208.408,366,locked,314.0,161.0,18.0,26.0,323.0,174.0,15.0
6247,208.442,366,locked,313.0,162.0,19.0,25.0,322.5,174.5,21.2
6248,208.475,366,locked,313.0,163.0,19.0,24.0,322.5,175.0,15.0
6249,208.508,366,locked,313.0,163.0,19.0,24.0,322.5,175.0,0.0
6250,208.542,366,locked,313.0,163.0,19.0,24.0,322.5,175.0,0.0
6251,208.575,366,locked,313.0,163.0,18.0,24.0,322.0,175.0,15.0
6252,208.608,366,locked,313.0,162.0,18.0,24.0,322.0,174.0,30.0
6253,208.642,366,locked,313.0,163.0,18.0,24.0,322.0,175.0,30.0
6254,208.675,366,locked,313.0,162.0,19.0,24.0,322.5,174.0,33.5
6255,208.709,366,locked,313.0,163.0,19.0,24.0,322.5,175.0,30.0
6345,211.712,375,reacquired,186.0,244.0,55.0,74.0,213.5,281.0,0.0
6346,211.745,375,reacquired,194.0,240.0,60.0,79.0,224.0,279.5,317.9
6347,211.778,375,reacquired,209.0,233.0,60.0,80.0,239.0,273.0,489.9
6348,211.812,375,reacquired,223.0,227.0,59.0,81.0,252.5,267.5,436.9
6349,211.845,375,reacquired,233.0,223.0,60.0,79.0,263.0,262.5,348.5
6350,211.878,375,reacquired,243.0,219.0,59.0,79.0,272.5,258.5,308.9
6351,211.912,375,reacquired,250.0,215.0,59.0,80.0,279.5,255.0,234.6
6352,211.945,375,reacquired,255.0,213.0,59.0,79.0,284.5,252.5,167.5
6353,211.978,375,reacquired,258.0,211.0,61.0,80.0,288.5,251.0,128.0
6354,212.012,375,reacquired,263.0,209.0,59.0,82.0,292.5,250.0,123.6
6355,212.045,375,reacquired,266.0,208.0,59.0,80.0,295.5,248.0,108.1
6356,212.079,375,reacquired,268.0,207.0,59.0,81.0,297.5,247.5,61.8
6357,212.112,375,reacquired,269.0,206.0,59.0,80.0,298.5,246.0,54.0
6358,212.145,375,reacquired,271.0,206.0,59.0,80.0,300.5,246.0,59.9
6359,212.179,375,reacquired,272.0,205.0,59.0,81.0,301.5,245.5,33.5
6360,212.212,375,reacquired,273.0,205.0,59.0,81.0,302.5,245.5,30.0
6361,212.245,375,reacquired,273.0,205.0,60.0,81.0,303.0,245.5,15.0
6362,212.279,375,reacquired,273.0,205.0,59.0,81.0,302.5,245.5,15.0
6363,212.312,375,reacquired,273.0,205.0,59.0,80.0,302.5,245.0,15.0
6364,212.345,375,reacquired,274.0,205.0,59.0,81.0,303.5,245.5,33.5
6365,212.379,375,reacquired,273.0,204.0,60.0,81.0,303.0,244.5,33.5
6366,212.412,375,reacquired,274.0,203.0,59.0,82.0,303.5,244.0,21.2
6367,212.446,375,reacquired,274.0,204.0,60.0,81.0,304.0,244.5,21.2
6368,212.479,375,reacquired,275.0,204.0,59.0,81.0,304.5,244.5,15.0
6369,212.512,375,reacquired,275.0,204.0,60.0,81.0,305.0,244.5,15.0
6370,212.546,375,locked,276.0,204.0,60.0,81.0,306.0,244.5,30.0
6371,212.579,375,locked,277.0,204.0,59.0,80.0,306.5,244.0,21.2
6372,212.612,375,locked,276.0,204.0,60.0,81.0,306.0,244.5,21.2
6373,212.646,375,locked,277.0,204.0,60.0,80.0,307.0,244.0,33.5
6374,212.679,375,locked,275.0,205.0,63.0,85.0,306.5,247.5,106.0
6375,212.713,375,locked,270.0,206.0,69.0,90.0,304.5,251.0,120.8
6376,212.746,375,locked,267.0,208.0,74.0,95.0,304.0,255.5,135.7
6377,212.779,375,locked,263.0,207.0,78.0,100.0,302.0,257.0,74.9
6378,212.813,375,locked,258.0,205.0,85.0,110.0,300.5,260.0,100.5
6379,212.846,375,locked,253.0,202.0,92.0,120.0,299.0,262.0,74.9
6380,212.879,375,locked,250.0,199.0,95.0,123.0,297.5,260.5,63.6
6381,212.913,375,locked,250.0,196.0,95.0,125.0,297.5,258.5,59.9
6382,212.946,375,locked,249.0,192.0,97.0,125.0,297.5,254.5,119.9
6383,212.979,375,locked,249.0,187.0,96.0,125.0,297.0,249.5,150.6
6384,213.013,375,locked,248.0,186.0,96.0,126.0,296.0,249.0,33.5
6385,213.046,375,locked,249.0,183.0,95.0,126.0,296.5,246.0,91.2
6386,213.080,375,locked,247.0,180.0,98.0,127.0,296.0,243.5,76.4
6387,213.113,375,locked,247.0,177.0,97.0,128.0,295.5,241.0,76.4
6388,213.146,375,locked,248.0,173.0,96.0,129.0,296.0,237.5,106.0
6389,213.180,375,locked,247.0,171.0,97.0,129.0,295.5,235.5,61.8
6390,213.213,375,locked,246.0,167.0,97.0,127.0,294.5,230.5,152.8
6391,213.246,375,locked,248.0,162.0,96.0,129.0,296.0,226.5,128.0
6392,213.280,375,locked,246.0,157.0,97.0,126.0,294.5,220.0,199.9
6393,213.313,375,locked,247.0,153.0,96.0,129.0,295.0,217.5,76.4
6394,213.346,375,locked,247.0,148.0,96.0,130.0,295.0,213.0,134.9
6395,213.380,375,locked,246.0,145.0,96.0,127.0,294.0,208.5,138.2
6396,213.413,375,locked,246.0,143.0,96.0,128.0,294.0,207.0,45.0
6397,213.447,375,locked,245.0,139.0,97.0,130.0,293.5,204.0,91.2
6398,213.480,375,locked,245.0,138.0,97.0,128.0,293.5,202.0,59.9
6399,213.513,375,locked,244.0,137.0,97.0,130.0,292.5,202.0,30.0
6400,213.547,375,locked,244.0,136.0,97.0,129.0,292.5,200.5,45.0
6401,213.580,375,locked,245.0,135.0,97.0,128.0,293.5,199.0,54.0
6402,213.613,375,locked,245.0,134.0,97.0,127.0,293.5,197.5,45.0
6403,213.647,375,locked,245.0,133.0,96.0,128.0,293.0,197.0,21.2
6404,213.680,375,locked,245.0,133.0,96.0,127.0,293.0,196.5,15.0
6405,213.714,375,locked,244.0,133.0,97.0,126.0,292.5,196.0,21.2
6406,213.747,375,locked,245.0,132.0,96.0,128.0,293.0,196.0,15.0
6407,213.780,375,locked,245.0,133.0,97.0,126.0,293.5,196.0,15.0
6408,213.814,375,locked,245.0,132.0,96.0,126.0,293.0,195.0,33.5
6409,213.847,375,locked,246.0,133.0,96.0,126.0,294.0,196.0,42.4
6410,213.880,375,locked,245.0,132.0,97.0,129.0,293.5,196.5,21.2
6411,213.914,375,locked,245.0,133.0,96.0,127.0,293.0,196.5,15.0
6412,213.947,375,locked,244.0,132.0,97.0,127.0,292.5,195.5,33.5
6413,213.980,375,locked,245.0,132.0,97.0,127.0,293.5,195.5,30.0
6414,214.014,375,locked,246.0,131.0,97.0,128.0,294.5,195.0,33.5
6415,214.047,375,locked,248.0,130.0,96.0,127.0,296.0,193.5,63.6
6416,214.081,375,locked,249.0,127.0,97.0,125.0,297.5,189.5,128.0
6417,214.114,375,locked,250.0,125.0,97.0,127.0,298.5,188.5,42.4
6418,214.147,375,locked,252.0,123.0,98.0,129.0,301.0,187.5,80.7
6419,214.181,375,locked,254.0,120.0,96.0,129.0,302.0,184.5,94.8
6420,214.214,375,locked,255.0,119.0,97.0,128.0,303.5,183.0,63.6
6421,214.247,375,locked,256.0,118.0,95.0,128.0,303.5,182.0,30.0
6422,214.281,375,locked,256.0,118.0,96.0,127.0,304.0,181.5,21.2
6423,214.314,375,locked,257.0,117.0,96.0,128.0,305.0,181.0,33.5
6424,214.347,375,locked,257.0,116.0,97.0,128.0,305.5,180.0,33.5
6425,214.381,375,locked,258.0,116.0,96.0,127.0,306.0,179.5,21.2
6426,214.414,375,locked,258.0,115.0,96.0,128.0,306.0,179.0,15.0
6427,214.448,375,locked,257.0,115.0,97.0,127.0,305.5,178.5,21.2
6428,214.481,375,locked,257.0,115.0,97.0,127.0,305.5,178.5,0.0
6429,214.514,375,locked,257.0,114.0,97.0,128.0,305.5,178.0,15.0
6430,214.548,375,locked,258.0,114.0,97.0,128.0,306.5,178.0,30.0
6431,214.581,375,locked,258.0,114.0,97.0,127.0,306.5,177.5,15.0
6432,214.614,375,locked,258.0,113.0,97.0,128.0,306.5,177.0,15.0
6433,214.648,375,locked,258.0,112.0,97.0,128.0,306.5,176.0,30.0
6434,214.681,375,locked,258.0,110.0,96.0,129.0,306.0,174.5,47.4
6435,214.715,375,locked,258.0,109.0,97.0,129.0,306.5,173.5,33.5
6436,214.748,375,locked,259.0,107.0,96.0,128.0,307.0,171.0,76.4
6437,214.781,375,locked,257.0,105.0,97.0,129.0,305.5,169.5,63.6
6438,214.815,375,locked,258.0,104.0,96.0,127.0,306.0,167.5,61.8
6439,214.848,375,locked,258.0,104.0,96.0,127.0,306.0,167.5,0.0
6440,214.881,375,locked,258.0,103.0,96.0,126.0,306.0,166.0,45.0
6441,214.915,375,locked,258.0,102.0,96.0,126.0,306.0,165.0,30.0
6442,214.948,375,locked,258.0,101.0,97.0,126.0,306.5,164.0,33.5
6443,214.981,375,locked,258.0,101.0,96.0,126.0,306.0,164.0,15.0
6444,215.015,375,locked,259.0,100.0,95.0,127.0,306.5,163.5,21.2
6445,215.048,375,locked,258.0,100.0,97.0,125.0,306.5,162.5,30.0
6446,215.082,375,locked,258.0,99.0,97.0,127.0,306.5,162.5,0.0
6447,215.115,375,locked,258.0,99.0,97.0,127.0,306.5,162.5,0.0
6448,215.148,375,locked,259.0,100.0,96.0,126.0,307.0,163.0,21.2
6449,215.182,375,uncertain,259.0,100.0,96.0,126.0,307.0,163.0,21.2
6450,215.215,375,uncertain,259.0,100.0,96.0,126.0,307.0,163.0,21.2
6451,215.248,375,uncertain,259.0,100.0,96.0,126.0,307.0,163.0,21.2
6452,215.282,375,uncertain,259.0,100.0,96.0,126.0,307.0,163.0,21.2
6453,215.315,375,uncertain,259.0,100.0,96.0,126.0,307.0,163.0,21.2
6454,215.348,375,uncertain,259.0,100.0,96.0,126.0,307.0,163.0,21.2
6455,215.382,375,uncertain,259.0,100.0,96.0,126.0,307.0,163.0,21.2
6456,215.415,375,uncertain,259.0,100.0,96.0,126.0,307.0,163.0,21.2
6457,215.449,375,uncertain,259.0,100.0,96.0,126.0,307.0,163.0,21.2
6458,215.482,375,uncertain,259.0,100.0,96.0,126.0,307.0,163.0,21.2
6459,215.515,375,uncertain,259.0,100.0,96.0,126.0,307.0,163.0,21.2
6460,215.549,375,uncertain,259.0,100.0,96.0,126.0,307.0,163.0,21.2
6701,223.590,386,reacquired,260.0,117.0,103.0,127.0,311.5,180.5,0.0
6702,223.623,386,reacquired,262.0,115.0,98.0,130.0,311.0,180.0,21.2
6703,223.657,386,reacquired,262.0,116.0,98.0,132.0,311.0,182.0,59.9
6704,223.690,386,reacquired,261.0,117.0,99.0,133.0,310.5,183.5,47.4
6705,223.724,386,reacquired,261.0,116.0,99.0,130.0,310.5,181.0,74.9
6706,223.757,386,reacquired,262.0,116.0,99.0,132.0,311.5,182.0,42.4
6707,223.790,386,reacquired,261.0,116.0,99.0,133.0,310.5,182.5,33.5
6708,223.824,386,reacquired,261.0,116.0,98.0,132.0,310.0,182.0,21.2
6709,223.857,386,reacquired,262.0,116.0,98.0,132.0,311.0,182.0,30.0
6710,223.890,386,reacquired,260.0,116.0,99.0,132.0,309.5,182.0,45.0
6711,223.924,386,reacquired,260.0,116.0,99.0,130.0,309.5,181.0,30.0
6712,223.957,386,reacquired,260.0,116.0,99.0,133.0,309.5,182.5,45.0
6713,223.990,386,reacquired,260.0,116.0,98.0,127.0,309.0,179.5,91.2
6714,224.024,386,reacquired,260.0,117.0,99.0,130.0,309.5,182.0,76.4
6715,224.057,386,reacquired,261.0,117.0,98.0,132.0,310.0,183.0,33.5
6716,224.091,386,reacquired,260.0,117.0,98.0,132.0,309.0,183.0,30.0
6717,224.124,386,reacquired,260.0,116.0,98.0,128.0,309.0,180.0,89.9
6718,224.157,386,reacquired,260.0,116.0,99.0,130.0,309.5,181.0,33.5
6719,224.191,386,reacquired,260.0,116.0,99.0,132.0,309.5,182.0,30.0
6720,224.224,386,reacquired,261.0,116.0,98.0,131.0,310.0,181.5,21.2
6721,224.257,386,reacquired,259.0,116.0,99.0,129.0,308.5,180.5,54.0
6722,224.291,386,reacquired,260.0,116.0,98.0,130.0,309.0,181.0,21.2
6723,224.324,386,reacquired,260.0,116.0,98.0,133.0,309.0,182.5,45.0
6724,224.357,386,reacquired,260.0,116.0,98.0,129.0,309.0,180.5,59.9
6725,224.391,386,reacquired,260.0,116.0,99.0,131.0,309.5,181.5,33.5
6726,224.424,386,locked,260.0,116.0,99.0,131.0,309.5,181.5,0.0
6727,224.458,386,locked,260.0,116.0,99.0,132.0,309.5,182.0,15.0
6728,224.491,386,locked,259.0,117.0,99.0,131.0,308.5,182.5,33.5
6729,224.524,386,locked,260.0,116.0,99.0,129.0,309.5,180.5,67.0
6730,224.558,386,locked,259.0,116.0,100.0,132.0,309.0,182.0,47.4
6731,224.591,386,locked,261.0,117.0,98.0,127.0,310.0,180.5,54.0
6732,224.624,386,locked,259.0,116.0,100.0,132.0,309.0,182.0,54.0
6733,224.658,386,locked,260.0,117.0,99.0,127.0,309.5,180.5,47.4
6734,224.691,386,locked,259.0,116.0,99.0,131.0,308.5,181.5,42.4
6735,224.725,386,locked,260.0,117.0,99.0,128.0,309.5,181.0,33.5
6736,224.758,386,locked,257.0,110.0,106.0,139.0,310.0,179.5,47.4
6737,224.791,386,locked,252.0,103.0,116.0,147.0,310.0,176.5,89.9
6738,224.825,386,locked,244.0,95.0,129.0,162.0,308.5,176.0,47.4
6739,224.858,386,locked,237.0,86.0,140.0,177.0,307.0,174.5,63.6
6740,224.891,386,locked,227.0,76.0,154.0,194.0,304.0,173.0,100.5
6741,224.925,386,locked,214.0,59.0,172.0,218.0,300.0,168.0,191.9
6742,224.958,386,locked,207.0,49.0,183.0,229.0,298.5,163.5,142.2
6743,224.991,386,locked,206.0,46.0,182.0,237.0,297.0,164.5,54.0
6744,225.025,386,locked,206.0,46.0,182.0,243.0,297.0,167.5,89.9
6745,225.058,386,locked,205.0,47.0,183.0,231.0,296.5,162.5,150.6
6746,225.092,386,locked,207.0,48.0,182.0,238.0,298.0,167.0,142.2
6747,225.125,386,locked,206.0,46.0,182.0,232.0,297.0,162.0,152.8
6748,225.158,386,locked,206.0,45.0,182.0,239.0,297.0,164.5,74.9
6749,225.192,386,locked,204.0,45.0,184.0,232.0,296.0,161.0,109.1
6750,225.225,386,locked,206.0,45.0,182.0,230.0,297.0,160.0,42.4
6751,225.258,386,locked,205.0,46.0,182.0,231.0,296.0,161.5,54.0
6752,225.292,386,locked,206.0,45.0,182.0,232.0,297.0,161.0,33.5
6753,225.325,386,locked,204.0,44.0,184.0,230.0,296.0,159.0,67.0
6754,225.358,386,locked,203.0,43.0,185.0,231.0,295.5,158.5,21.2
6755,225.392,386,locked,203.0,45.0,184.0,230.0,295.0,160.0,47.4
6756,225.425,386,locked,205.0,45.0,182.0,230.0,296.0,160.0,30.0
6757,225.459,386,locked,204.0,44.0,184.0,231.0,296.0,159.5,15.0
6758,225.492,386,locked,203.0,44.0,185.0,233.0,295.5,160.5,33.5
6759,225.525,386,locked,204.0,44.0,183.0,232.0,295.5,160.0,15.0
6760,225.559,386,locked,204.0,45.0,184.0,234.0,296.0,162.0,61.8
6761,225.592,386,locked,203.0,45.0,185.0,231.0,295.5,160.5,47.4
6762,225.625,386,locked,203.0,44.0,185.0,232.0,295.5,160.0,15.0
6763,225.659,386,locked,204.0,44.0,185.0,232.0,296.5,160.0,30.0
6764,225.692,386,locked,203.0,44.0,185.0,233.0,295.5,160.5,33.5
6765,225.726,386,locked,203.0,44.0,185.0,235.0,295.5,161.5,30.0
6766,225.759,386,locked,202.0,45.0,186.0,229.0,295.0,159.5,61.8
6767,225.792,386,locked,202.0,45.0,186.0,233.0,295.0,161.5,59.9
6768,225.826,386,locked,202.0,45.0,186.0,232.0,295.0,161.0,15.0
6769,225.859,386,locked,204.0,45.0,185.0,233.0,296.5,161.5,47.4
6770,225.892,386,locked,203.0,46.0,186.0,232.0,296.0,162.0,21.2
6771,225.926,386,locked,206.0,47.0,186.0,231.0,299.0,162.5,91.2
6772,225.959,386,locked,209.0,46.0,185.0,229.0,301.5,160.5,96.0
6773,225.992,386,locked,211.0,45.0,187.0,233.0,304.5,161.5,94.8
6774,226.026,386,locked,215.0,45.0,183.0,231.0,306.5,160.5,67.0
6775,226.059,386,locked,214.0,46.0,186.0,233.0,307.0,162.5,61.8
6776,226.093,386,locked,216.0,46.0,184.0,230.0,308.0,161.0,54.0
6777,226.126,386,locked,216.0,46.0,186.0,240.0,309.0,166.0,152.8
6778,226.159,386,locked,217.0,45.0,185.0,231.0,309.5,160.5,165.5
6779,226.193,386,locked,218.0,45.0,186.0,232.0,311.0,161.0,47.4
6780,226.226,386,locked,219.0,44.0,186.0,233.0,312.0,160.5,33.5
6781,226.259,386,locked,220.0,47.0,186.0,232.0,313.0,163.0,80.7
6782,226.293,386,locked,217.0,45.0,188.0,232.0,311.0,161.0,84.8
6783,226.326,386,locked,218.0,46.0,186.0,232.0,311.0,162.0,30.0
6784,226.359,386,locked,220.0,48.0,186.0,230.0,313.0,163.0,67.0
6785,226.393,386,locked,220.0,47.0,186.0,231.0,313.0,162.5,15.0
6786,226.426,386,locked,219.0,47.0,187.0,232.0,312.5,163.0,21.2
6787,226.460,386,locked,220.0,46.0,186.0,230.0,313.0,161.0,61.8
6788,226.493,386,locked,221.0,44.0,186.0,239.0,314.0,163.5,80.7
6789,226.526,386,locked,220.0,45.0,186.0,234.0,313.0,162.0,54.0
6790,226.560,386,locked,220.0,47.0,186.0,232.0,313.0,163.0,30.0
6791,226.593,386,locked,221.0,44.0,185.0,234.0,313.5,161.0,61.8
6792,226.626,386,locked,220.0,47.0,186.0,237.0,313.0,165.5,135.7
6793,226.660,386,locked,221.0,46.0,186.0,231.0,314.0,161.5,123.6
6794,226.693,386,locked,220.0,45.0,186.0,235.0,313.0,162.5,42.4
6795,226.727,386,locked,221.0,46.0,185.0,233.0,313.5,162.5,15.0
6796,226.760,386,locked,221.0,47.0,185.0,233.0,313.5,163.5,30.0
6797,226.793,386,locked,221.0,47.0,185.0,233.0,313.5,163.5,0.0
6798,226.827,386,locked,221.0,47.0,185.0,231.0,313.5,162.5,30.0
6799,226.860,386,locked,222.0,46.0,185.0,234.0,314.5,163.0,33.5
6800,226.893,386,locked,224.0,45.0,185.0,232.0,316.5,161.0,84.8
6801,226.927,386,locked,227.0,41.0,184.0,237.0,319.0,159.5,87.4
6802,226.960,386,locked,228.0,40.0,188.0,239.0,322.0,159.5,89.9
6803,226.993,386,locked,232.0,44.0,185.0,233.0,324.5,160.5,80.7
6804,227.027,386,locked,235.0,42.0,185.0,235.0,327.5,159.5,94.8
6805,227.060,386,locked,235.0,40.0,186.0,240.0,328.0,160.0,21.2
6806,227.094,386,locked,236.0,41.0,186.0,242.0,329.0,162.0,67.0
6807,227.127,386,locked,238.0,37.0,186.0,245.0,331.0,159.5,96.0
6808,227.160,386,locked,243.0,53.0,172.0,218.0,329.0,162.0,96.0
6809,227.194,386,locked,251.0,69.0,156.0,200.0,329.0,169.0,209.8
6810,227.227,386,locked,260.0,85.0,139.0,176.0,329.5,173.0,120.8
6811,227.260,386,locked,265.0,93.0,131.0,167.0,330.5,176.5,109.1
6812,227.294,386,locked,265.0,93.0,130.0,165.0,330.0,175.5,33.5
6813,227.327,386,locked,265.0,93.0,129.0,164.0,329.5,175.0,21.2
6814,227.360,386,locked,265.0,93.0,130.0,162.0,330.0,174.0,33.5
6815,227.394,386,locked,266.0,93.0,129.0,163.0,330.5,174.5,21.2
6816,227.427,386,locked,266.0,93.0,130.0,167.0,331.0,176.5,61.8
6817,227.461,386,locked,266.0,93.0,130.0,164.0,331.0,175.0,45.0
6818,227.494,386,locked,266.0,94.0,130.0,163.0,331.0,175.5,15.0
6819,227.527,386,locked,267.0,95.0,129.0,164.0,331.5,177.0,47.4
6820,227.561,386,locked,267.0,97.0,129.0,165.0,331.5,179.5,74.9
6821,227.594,386,locked,267.0,98.0,129.0,166.0,331.5,181.0,45.0
6822,227.627,386,locked,267.0,100.0,129.0,165.0,331.5,182.5,45.0
6823,227.661,386,locked,266.0,100.0,130.0,163.0,331.0,181.5,33.5
6824,227.694,386,locked,267.0,101.0,130.0,162.0,332.0,182.0,33.5
6825,227.727,386,locked,266.0,102.0,130.0,161.0,331.0,182.5,33.5
6826,227.761,386,locked,267.0,102.0,128.0,163.0,331.0,183.5,30.0
6827,227.794,386,locked,266.0,102.0,129.0,163.0,330.5,183.5,15.0
6828,227.828,386,locked,267.0,103.0,128.0,164.0,331.0,185.0,47.4
6829,227.861,386,locked,266.0,103.0,129.0,162.0,330.5,184.0,33.5
6830,227.894,386,locked,266.0,102.0,129.0,163.0,330.5,183.5,15.0
6831,227.928,386,locked,267.0,103.0,129.0,165.0,331.5,185.5,67.0
6832,227.961,386,locked,266.0,102.0,129.0,164.0,330.5,184.0,54.0
6833,227.994,386,locked,267.0,102.0,129.0,165.0,331.5,184.5,33.5
6834,228.028,386,locked,267.0,102.0,129.0,164.0,331.5,184.0,15.0
6835,228.061,386,locked,267.0,102.0,129.0,161.0,331.5,182.5,45.0
6836,228.095,386,locked,266.0,102.0,130.0,163.0,331.0,183.5,33.5
6837,228.128,386,locked,266.0,102.0,129.0,163.0,330.5,183.5,15.0
6838,228.161,386,locked,266.0,102.0,129.0,162.0,330.5,183.0,15.0
6839,228.195,386,locked,266.0,102.0,128.0,165.0,330.0,184.5,47.4
6840,228.228,386,locked,266.0,102.0,129.0,165.0,330.5,184.5,15.0
6841,228.261,386,locked,267.0,102.0,128.0,161.0,331.0,182.5,61.8
6842,228.295,386,locked,265.0,101.0,130.0,167.0,330.0,184.5,67.0
6843,228.328,386,locked,263.0,101.0,129.0,166.0,327.5,184.0,76.4
6844,228.361,386,locked,261.0,99.0,129.0,166.0,325.5,182.0,84.8
6845,228.395,386,locked,259.0,99.0,128.0,164.0,323.0,181.0,80.7
6846,228.428,386,locked,257.0,97.0,129.0,164.0,321.5,179.0,74.9
6847,228.462,386,locked,253.0,95.0,129.0,163.0,317.5,176.5,141.4
6848,228.495,386,locked,251.0,94.0,129.0,164.0,315.5,176.0,61.8
6849,228.528,386,locked,250.0,94.0,129.0,165.0,314.5,176.5,33.5
6850,228.562,386,locked,247.0,93.0,128.0,162.0,311.0,174.0,128.9
6851,228.595,386,locked,246.0,92.0,128.0,163.0,310.0,173.5,33.5
6852,228.628,386,locked,244.0,92.0,129.0,160.0,308.5,172.0,63.6
6853,228.662,386,locked,243.0,91.0,129.0,162.0,307.5,172.0,30.0
6854,228.695,386,locked,241.0,90.0,130.0,164.0,306.0,172.0,45.0
6855,228.728,386,locked,241.0,90.0,129.0,162.0,305.5,171.0,33.5
6856,228.762,386,locked,242.0,90.0,129.0,165.0,306.5,172.5,54.0
6857,228.795,386,locked,241.0,90.0,128.0,163.0,305.0,171.5,54.0
6858,228.829,386,locked,240.0,90.0,129.0,162.0,304.5,171.0,21.2
6859,228.862,386,locked,239.0,89.0,130.0,163.0,304.0,170.5,21.2
6860,228.895,386,locked,239.0,88.0,129.0,166.0,303.5,171.0,21.2
6861,228.929,386,locked,238.0,88.0,129.0,165.0,302.5,170.5,33.5
6862,228.962,386,locked,238.0,88.0,129.0,163.0,302.5,169.5,30.0
6863,228.995,386,locked,239.0,88.0,128.0,163.0,303.0,169.5,15.0
6864,229.029,386,locked,238.0,88.0,128.0,165.0,302.0,170.5,42.4
6865,229.062,386,locked,238.0,88.0,129.0,165.0,302.5,170.5,15.0
6866,229.096,386,locked,239.0,88.0,128.0,163.0,303.0,169.5,33.5
6867,229.129,386,locked,239.0,88.0,128.0,164.0,303.0,170.0,15.0
6868,229.162,386,locked,239.0,89.0,128.0,162.0,303.0,170.0,0.0
6869,229.196,386,locked,238.0,88.0,129.0,162.0,302.5,169.0,33.5
6870,229.229,386,locked,238.0,88.0,130.0,162.0,303.0,169.0,15.0
6871,229.262,386,locked,238.0,88.0,129.0,162.0,302.5,169.0,15.0
6872,229.296,386,locked,239.0,88.0,129.0,161.0,303.5,168.5,33.5
6873,229.329,386,locked,239.0,88.0,129.0,162.0,303.5,169.0,15.0
6874,229.362,386,locked,238.0,87.0,129.0,161.0,302.5,167.5,54.0
6875,229.396,386,locked,238.0,87.0,129.0,161.0,302.5,167.5,0.0
6876,229.429,386,locked,238.0,87.0,129.0,165.0,302.5,169.5,59.9
6877,229.463,386,locked,238.0,87.0,127.0,163.0,301.5,168.5,42.4
6878,229.496,386,locked,238.0,87.0,129.0,166.0,302.5,170.0,54.0
6879,229.529,386,locked,239.0,87.0,128.0,162.0,303.0,168.0,61.8
6880,229.563,386,locked,239.0,87.0,128.0,161.0,303.0,167.5,15.0
6881,229.596,386,locked,239.0,87.0,128.0,162.0,303.0,168.0,15.0
6882,229.629,386,locked,239.0,87.0,128.0,163.0,303.0,168.5,15.0
6883,229.663,386,locked,239.0,87.0,129.0,162.0,303.5,168.0,21.2
6884,229.696,386,locked,238.0,87.0,130.0,163.0,303.0,168.5,21.2
6885,229.730,386,locked,239.0,87.0,128.0,161.0,303.0,167.5,30.0
6886,229.763,386,locked,239.0,87.0,129.0,165.0,303.5,169.5,61.8
6887,229.796,386,locked,237.0,87.0,130.0,164.0,302.0,169.0,47.4
6888,229.830,386,locked,238.0,86.0,129.0,163.0,302.5,167.5,47.4
6889,229.863,386,locked,238.0,85.0,128.0,161.0,302.0,165.5,61.8
6890,229.896,386,locked,237.0,83.0,130.0,161.0,302.0,163.5,59.9
6891,229.930,386,locked,238.0,80.0,127.0,163.0,301.5,161.5,61.8
6892,229.963,386,locked,237.0,79.0,128.0,163.0,301.0,160.5,33.5
6893,229.996,386,locked,237.0,77.0,128.0,162.0,301.0,158.0,74.9
6894,230.030,386,locked,237.0,77.0,128.0,163.0,301.0,158.5,15.0
6895,230.063,386,locked,238.0,76.0,128.0,162.0,302.0,157.0,54.0
6896,230.097,386,locked,238.0,74.0,127.0,162.0,301.5,155.0,61.8
6897,230.130,386,locked,237.0,73.0,128.0,162.0,301.0,154.0,33.5
6898,230.163,386,locked,238.0,73.0,128.0,160.0,302.0,153.0,42.4
6899,230.197,386,locked,238.0,73.0,128.0,160.0,302.0,153.0,0.0
6900,230.230,386,locked,237.0,72.0,129.0,161.0,301.5,152.5,21.2
6901,230.263,386,locked,238.0,72.0,128.0,166.0,302.0,155.0,76.4
6902,230.297,386,locked,238.0,71.0,127.0,163.0,301.5,152.5,76.4
6903,230.330,386,locked,237.0,72.0,128.0,166.0,301.0,155.0,76.4
6904,230.363,386,locked,238.0,71.0,127.0,162.0,301.5,152.0,91.2
6905,230.397,386,locked,238.0,71.0,129.0,167.0,302.5,154.5,80.7
6906,230.430,386,locked,238.0,71.0,128.0,162.0,302.0,152.0,76.4
6907,230.464,386,locked,238.0,71.0,127.0,164.0,301.5,153.0,33.5
6908,230.497,386,locked,238.0,71.0,128.0,163.0,302.0,152.5,21.2
6909,230.530,386,locked,238.0,71.0,128.0,162.0,302.0,152.0,15.0
6910,230.564,386,locked,238.0,71.0,128.0,163.0,302.0,152.5,15.0
6911,230.597,386,locked,238.0,70.0,128.0,162.0,302.0,151.0,45.0
6912,230.630,386,locked,238.0,70.0,127.0,163.0,301.5,151.5,21.2
6913,230.664,386,locked,236.0,69.0,126.0,165.0,299.0,151.5,74.9
6914,230.697,386,locked,235.0,70.0,127.0,163.0,298.5,151.5,15.0
6915,230.731,386,locked,234.0,69.0,127.0,162.0,297.5,150.0,54.0
6916,230.764,386,locked,232.0,68.0,127.0,166.0,295.5,151.0,67.0
6917,230.797,386,locked,232.0,68.0,126.0,167.0,295.0,151.5,21.2
6918,230.831,386,locked,231.0,68.0,126.0,166.0,294.0,151.0,33.5
6919,230.864,386,locked,230.0,68.0,127.0,166.0,293.5,151.0,15.0
6920,230.897,386,locked,229.0,68.0,127.0,164.0,292.5,150.0,42.4
6921,230.931,386,locked,228.0,68.0,128.0,167.0,292.0,151.5,47.4
6922,230.964,386,locked,228.0,67.0,127.0,164.0,291.5,149.0,76.4
6923,230.997,386,locked,227.0,68.0,128.0,167.0,291.0,151.5,76.4
6924,231.031,386,locked,226.0,67.0,127.0,165.0,289.5,149.5,74.9
6925,231.064,386,locked,226.0,67.0,128.0,165.0,290.0,149.5,15.0
6926,231.098,386,locked,226.0,67.0,127.0,162.0,289.5,148.0,47.4
6927,231.131,386,locked,227.0,67.0,127.0,166.0,290.5,150.0,67.0
6928,231.164,386,locked,225.0,66.0,128.0,165.0,289.0,148.5,63.6
6929,231.198,386,locked,226.0,66.0,128.0,167.0,290.0,149.5,42.4
6930,231.231,386,locked,226.0,66.0,128.0,167.0,290.0,149.5,0.0
6931,231.264,386,locked,226.0,67.0,129.0,165.0,290.5,149.5,15.0
6932,231.298,386,locked,226.0,66.0,129.0,168.0,290.5,150.0,15.0
6933,231.331,386,locked,226.0,66.0,128.0,166.0,290.0,149.0,33.5
6934,231.364,386,locked,225.0,66.0,129.0,167.0,289.5,149.5,21.2
6935,231.398,386,locked,226.0,66.0,128.0,166.0,290.0,149.0,21.2
6936,231.431,386,locked,226.0,66.0,129.0,166.0,290.5,149.0,15.0
6937,231.465,386,locked,226.0,66.0,128.0,163.0,290.0,147.5,47.4
6938,231.498,386,locked,226.0,67.0,128.0,161.0,290.0,147.5,0.0
6939,231.531,386,locked,225.0,67.0,129.0,163.0,289.5,148.5,33.5
6940,231.565,386,locked,225.0,67.0,129.0,163.0,289.5,148.5,0.0
6941,231.598,386,locked,225.0,67.0,128.0,163.0,289.0,148.5,15.0
6942,231.631,386,locked,225.0,68.0,129.0,165.0,289.5,150.5,61.8
6943,231.665,386,locked,225.0,68.0,129.0,163.0,289.5,149.5,30.0
6944,231.698,386,locked,225.0,67.0,129.0,167.0,289.5,150.5,30.0
6945,231.732,386,locked,225.0,67.0,129.0,163.0,289.5,148.5,59.9
6946,231.765,386,locked,225.0,67.0,129.0,167.0,289.5,150.5,59.9
6947,231.798,386,locked,226.0,67.0,127.0,167.0,289.5,150.5,0.0
6948,231.832,386,locked,225.0,66.0,128.0,168.0,289.0,150.0,21.2
6949,231.865,386,locked,225.0,67.0,128.0,167.0,289.0,150.5,15.0
6950,231.898,386,locked,225.0,67.0,128.0,168.0,289.0,151.0,15.0
6951,231.932,386,locked,225.0,67.0,128.0,166.0,289.0,150.0,30.0
6952,231.965,386,locked,226.0,67.0,128.0,166.0,290.0,150.0,30.0
6953,231.998,386,locked,226.0,67.0,127.0,167.0,289.5,150.5,21.2
6954,232.032,386,locked,225.0,67.0,129.0,169.0,289.5,151.5,30.0
6955,232.065,386,locked,225.0,67.0,128.0,167.0,289.0,150.5,33.5
6956,232.099,386,locked,225.0,67.0,128.0,167.0,289.0,150.5,0.0
6957,232.132,386,locked,225.0,66.0,128.0,168.0,289.0,150.0,15.0
6958,232.165,386,locked,225.0,67.0,127.0,168.0,288.5,151.0,33.5
6959,232.199,386,locked,225.0,67.0,127.0,167.0,288.5,150.5,15.0
6960,232.232,386,locked,224.0,67.0,129.0,165.0,288.5,149.5,30.0
6961,232.265,386,locked,224.0,66.0,129.0,167.0,288.5,149.5,0.0
6962,232.299,386,locked,224.0,66.0,128.0,168.0,288.0,150.0,21.2
6963,232.332,386,locked,224.0,66.0,127.0,166.0,287.5,149.0,33.5
6964,232.365,386,locked,224.0,66.0,128.0,167.0,288.0,149.5,21.2
6965,232.399,386,locked,224.0,66.0,129.0,167.0,288.5,149.5,15.0
6966,232.432,386,locked,224.0,66.0,128.0,165.0,288.0,148.5,33.5
6967,232.466,386,locked,224.0,67.0,129.0,167.0,288.5,150.5,61.8
6968,232.499,386,locked,224.0,67.0,129.0,165.0,288.5,149.5,30.0
6969,232.532,386,locked,224.0,67.0,128.0,166.0,288.0,150.0,21.2
6970,232.566,386,locked,223.0,66.0,129.0,167.0,287.5,149.5,21.2
6971,232.599,386,locked,223.0,66.0,130.0,168.0,288.0,150.0,21.2
6972,232.632,386,locked,224.0,66.0,129.0,166.0,288.5,149.0,33.5
6973,232.666,386,locked,224.0,66.0,129.0,167.0,288.5,149.5,15.0
6974,232.699,386,locked,224.0,67.0,130.0,167.0,289.0,150.5,33.5
6975,232.733,386,locked,225.0,67.0,129.0,163.0,289.5,148.5,61.8
6976,232.766,386,locked,225.0,67.0,130.0,166.0,290.0,150.0,47.4
6977,232.799,386,locked,225.0,67.0,129.0,162.0,289.5,148.0,61.8
6978,232.833,386,locked,225.0,67.0,128.0,164.0,289.0,149.0,33.5
6979,232.866,386,locked,224.0,66.0,130.0,166.0,289.0,149.0,0.0
6980,232.899,386,locked,225.0,66.0,129.0,167.0,289.5,149.5,21.2
6981,232.933,386,locked,224.0,67.0,130.0,165.0,289.0,149.5,15.0
6982,232.966,386,locked,225.0,66.0,129.0,167.0,289.5,149.5,15.0
6983,232.999,386,locked,224.0,66.0,129.0,162.0,288.5,147.0,80.7
6984,233.033,386,locked,225.0,66.0,129.0,161.0,289.5,146.5,33.5
6985,233.066,386,locked,225.0,66.0,128.0,167.0,289.0,149.5,91.2
6986,233.100,386,locked,224.0,66.0,129.0,162.0,288.5,147.0,76.4
6987,233.133,386,locked,224.0,67.0,130.0,166.0,289.0,150.0,91.2
6988,233.166,386,locked,223.0,67.0,130.0,166.0,288.0,150.0,30.0
6989,233.200,386,locked,224.0,67.0,130.0,161.0,289.0,147.5,80.7
6990,233.233,386,locked,225.0,68.0,129.0,166.0,289.5,151.0,106.0
6991,233.266,386,locked,225.0,68.0,130.0,164.0,290.0,150.0,33.5
6992,233.300,386,locked,224.0,68.0,131.0,166.0,289.5,151.0,33.5
6993,233.333,386,locked,225.0,67.0,129.0,163.0,289.5,148.5,74.9
6994,233.366,386,locked,225.0,67.0,129.0,163.0,289.5,148.5,0.0
6995,233.400,386,locked,224.0,67.0,130.0,166.0,289.0,150.0,47.4
6996,233.433,386,locked,225.0,67.0,129.0,164.0,289.5,149.0,33.5
6997,233.467,386,locked,225.0,67.0,130.0,162.0,290.0,148.0,33.5
6998,233.500,386,locked,224.0,67.0,130.0,166.0,289.0,150.0,67.0
6999,233.533,386,locked,224.0,67.0,131.0,166.0,289.5,150.0,15.0
7000,233.567,386,locked,225.0,67.0,130.0,165.0,290.0,149.5,21.2
7001,233.600,386,locked,225.0,67.0,130.0,164.0,290.0,149.0,15.0
7002,233.633,386,locked,223.0,67.0,133.0,162.0,289.5,148.0,33.5
7003,233.667,386,locked,224.0,67.0,131.0,162.0,289.5,148.0,0.0
7004,233.700,386,locked,224.0,68.0,131.0,161.0,289.5,148.5,15.0
7005,233.733,386,locked,224.0,67.0,133.0,162.0,290.5,148.0,33.5
7006,233.767,386,locked,224.0,67.0,131.0,161.0,289.5,147.5,33.5
7007,233.800,386,locked,225.0,67.0,131.0,163.0,290.5,148.5,42.4
7008,233.834,386,locked,225.0,67.0,131.0,162.0,290.5,148.0,15.0
7009,233.867,386,locked,225.0,67.0,131.0,165.0,290.5,149.5,45.0
7010,233.900,386,locked,225.0,67.0,130.0,162.0,290.0,148.0,47.4
7011,233.934,386,locked,224.0,67.0,131.0,165.0,289.5,149.5,47.4
7012,233.967,386,locked,224.0,66.0,131.0,162.0,289.5,147.0,74.9
7013,234.000,386,locked,225.0,66.0,132.0,161.0,291.0,146.5,47.4
7014,234.034,386,locked,225.0,67.0,130.0,160.0,290.0,147.0,33.5
7015,234.067,386,locked,225.0,67.0,131.0,161.0,290.5,147.5,21.2
7016,234.101,386,locked,225.0,66.0,130.0,162.0,290.0,147.0,21.2
7017,234.134,386,locked,225.0,67.0,129.0,161.0,289.5,147.5,21.2
7018,234.167,386,locked,224.0,66.0,130.0,162.0,289.0,147.0,21.2
7019,234.201,386,locked,224.0,66.0,132.0,167.0,290.0,149.5,80.7
7020,234.234,386,locked,225.0,66.0,130.0,163.0,290.0,147.5,59.9
7021,234.267,386,locked,225.0,66.0,131.0,162.0,290.5,147.0,21.2
7022,234.301,386,locked,224.0,66.0,132.0,162.0,290.0,147.0,15.0
7023,234.334,386,locked,224.0,66.0,131.0,162.0,289.5,147.0,15.0
7024,234.367,386,locked,225.0,66.0,130.0,161.0,290.0,146.5,21.2
7025,234.401,386,locked,224.0,66.0,132.0,162.0,290.0,147.0,15.0
7026,234.434,386,locked,224.0,66.0,131.0,161.0,289.5,146.5,21.2
7027,234.468,386,locked,224.0,66.0,131.0,162.0,289.5,147.0,15.0
7028,234.501,386,locked,223.0,65.0,131.0,163.0,288.5,146.5,33.5
7029,234.534,386,locked,223.0,65.0,131.0,162.0,288.5,146.0,15.0
7030,234.568,386,locked,224.0,66.0,130.0,162.0,289.0,147.0,33.5
7031,234.601,386,locked,223.0,66.0,132.0,162.0,289.0,147.0,0.0
7032,234.634,386,locked,224.0,66.0,131.0,165.0,289.5,148.5,47.4
7033,234.668,386,locked,221.0,65.0,133.0,161.0,287.5,145.5,108.1
7034,234.701,386,locked,223.0,66.0,131.0,161.0,288.5,146.5,42.4
7035,234.734,386,locked,224.0,66.0,131.0,162.0,289.5,147.0,33.5
7036,234.768,386,locked,223.0,66.0,131.0,162.0,288.5,147.0,30.0
7037,234.801,386,locked,222.0,66.0,131.0,166.0,287.5,149.0,67.0
7038,234.835,386,locked,222.0,65.0,131.0,165.0,287.5,147.5,45.0
7039,234.868,386,locked,222.0,66.0,132.0,162.0,288.0,147.0,21.2
7040,234.901,386,locked,222.0,66.0,132.0,163.0,288.0,147.5,15.0
7041,234.935,386,locked,224.0,66.0,132.0,163.0,290.0,147.5,59.9
7042,234.968,386,locked,221.0,65.0,133.0,161.0,287.5,145.5,96.0
7043,235.001,386,locked,223.0,67.0,132.0,161.0,289.0,147.5,74.9
7044,235.035,386,locked,222.0,66.0,131.0,163.0,287.5,147.5,45.0
7045,235.068,386,locked,223.0,67.0,133.0,164.0,289.5,149.0,74.9
7046,235.102,386,locked,223.0,68.0,131.0,163.0,288.5,149.5,33.5
7047,235.135,386,locked,222.0,66.0,131.0,163.0,287.5,147.5,67.0
7048,235.168,386,locked,222.0,67.0,131.0,164.0,287.5,149.0,45.0
7049,235.202,386,locked,222.0,68.0,132.0,163.0,288.0,149.5,21.2
7050,235.235,386,locked,222.0,68.0,131.0,163.0,287.5,149.5,15.0
7051,235.268,386,locked,223.0,66.0,133.0,167.0,289.5,149.5,59.9
7052,235.302,386,locked,223.0,67.0,132.0,163.0,289.0,148.5,33.5
7053,235.335,386,locked,223.0,67.0,131.0,163.0,288.5,148.5,15.0
7054,235.368,386,locked,222.0,67.0,132.0,164.0,288.0,149.0,21.2
7055,235.402,386,locked,223.0,68.0,132.0,164.0,289.0,150.0,42.4
7056,235.435,386,locked,222.0,67.0,132.0,163.0,288.0,148.5,54.0
7057,235.469,386,locked,224.0,68.0,131.0,164.0,289.5,150.0,63.6
7058,235.502,386,locked,222.0,67.0,133.0,165.0,288.5,149.5,33.5
7059,235.535,386,locked,224.0,68.0,131.0,161.0,289.5,148.5,42.4
7060,235.569,386,locked,223.0,68.0,132.0,161.0,289.0,148.5,15.0
7061,235.602,386,locked,225.0,67.0,130.0,160.0,290.0,147.0,54.0
7062,235.635,386,locked,223.0,68.0,134.0,158.0,290.0,147.0,0.0
7063,235.669,386,locked,223.0,68.0,132.0,158.0,289.0,147.0,30.0
7064,235.702,386,locked,224.0,68.0,133.0,160.0,290.5,148.0,54.0
7065,235.736,386,locked,223.0,68.0,132.0,160.0,289.0,148.0,45.0
7066,235.769,386,locked,224.0,67.0,130.0,159.0,289.0,146.5,45.0
7067,235.802,386,locked,224.0,67.0,132.0,164.0,290.0,149.0,80.7
7068,235.836,386,locked,224.0,68.0,131.0,160.0,289.5,148.0,33.5
7069,235.869,386,locked,224.0,68.0,132.0,159.0,290.0,147.5,21.2
7070,235.902,386,locked,224.0,68.0,132.0,160.0,290.0,148.0,15.0
7071,235.936,386,locked,223.0,68.0,131.0,160.0,288.5,148.0,45.0
7072,235.969,386,locked,224.0,69.0,132.0,161.0,290.0,149.5,63.6
7073,236.002,386,locked,223.0,69.0,132.0,160.0,289.0,149.0,33.5
7074,236.036,386,locked,225.0,69.0,131.0,163.0,290.5,150.5,63.6
7075,236.069,386,locked,224.0,69.0,131.0,161.0,289.5,149.5,42.4
7076,236.103,386,locked,224.0,68.0,131.0,162.0,289.5,149.0,15.0
7077,236.136,386,locked,225.0,69.0,131.0,161.0,290.5,149.5,33.5
7078,236.169,386,locked,225.0,69.0,130.0,160.0,290.0,149.0,21.2
7079,236.203,386,locked,225.0,69.0,130.0,159.0,290.0,148.5,15.0
7080,236.236,386,locked,225.0,69.0,130.0,160.0,290.0,149.0,15.0
7081,236.269,386,locked,225.0,70.0,131.0,158.0,290.5,149.0,15.0
7082,236.303,386,locked,224.0,69.0,131.0,160.0,289.5,149.0,30.0
7083,236.336,386,locked,225.0,69.0,131.0,161.0,290.5,149.5,33.5
7084,236.369,386,locked,225.0,69.0,130.0,160.0,290.0,149.0,21.2
7085,236.403,386,locked,225.0,70.0,131.0,164.0,290.5,152.0,91.2
7086,236.436,386,locked,225.0,69.0,130.0,160.0,290.0,149.0,91.2
7087,236.470,386,locked,225.0,69.0,131.0,161.0,290.5,149.5,21.2
7088,236.503,386,locked,226.0,69.0,129.0,159.0,290.5,148.5,30.0
7089,236.536,386,locked,225.0,70.0,130.0,158.0,290.0,149.0,21.2
7090,236.570,386,locked,226.0,70.0,130.0,161.0,291.0,150.5,54.0
7091,236.603,386,locked,226.0,69.0,129.0,159.0,290.5,148.5,61.8
7092,236.636,386,locked,225.0,69.0,131.0,159.0,290.5,148.5,0.0
7093,236.670,386,uncertain,225.0,69.0,131.0,159.0,290.5,148.5,0.0
7094,236.703,386,uncertain,225.0,69.0,131.0,159.0,290.5,148.5,0.0
7095,236.737,386,uncertain,225.0,69.0,131.0,159.0,290.5,148.5,0.0
7096,236.770,386,uncertain,225.0,69.0,131.0,159.0,290.5,148.5,0.0
7097,236.803,386,uncertain,225.0,69.0,131.0,159.0,290.5,148.5,0.0
7098,236.837,386,uncertain,225.0,69.0,131.0,159.0,290.5,148.5,0.0
7099,236.870,386,uncertain,225.0,69.0,131.0,159.0,290.5,148.5,0.0
7100,236.903,386,uncertain,225.0,69.0,131.0,159.0,290.5,148.5,0.0
7101,236.937,386,uncertain,225.0,69.0,131.0,159.0,290.5,148.5,0.0
7102,236.970,386,uncertain,225.0,69.0,131.0,159.0,290.5,148.5,0.0
7103,237.003,386,uncertain,225.0,69.0,131.0,159.0,290.5,148.5,0.0
7104,237.037,386,uncertain,225.0,69.0,131.0,159.0,290.5,148.5,0.0
